--
-- PostgreSQL database dump
--

-- Dumped from database version 13.6 (Ubuntu 13.6-1.pgdg20.04+1+b1)
-- Dumped by pg_dump version 13.6 (Ubuntu 13.6-1.pgdg20.04+1+b1)

SET statement_timeout = 0;
SET lock_timeout = 0;
SET idle_in_transaction_session_timeout = 0;
SET client_encoding = 'UTF8';
SET standard_conforming_strings = on;
SELECT pg_catalog.set_config('search_path', '', false);
SET check_function_bodies = false;
SET xmloption = content;
SET client_min_messages = warning;
SET row_security = off;

SET default_tablespace = '';

SET default_table_access_method = heap;

--
-- Name: cart; Type: TABLE; Schema: public; Owner: user_1
--

CREATE TABLE public.cart (
    id integer NOT NULL,
    user_id integer NOT NULL,
    goods_id integer NOT NULL,
    count integer DEFAULT 1,
    order_id integer DEFAULT 0,
    status integer DEFAULT 0,
    created_at timestamp without time zone
);


ALTER TABLE public.cart OWNER TO user_1;

--
-- Name: cart_id_seq; Type: SEQUENCE; Schema: public; Owner: user_1
--

CREATE SEQUENCE public.cart_id_seq
    AS integer
    START WITH 1
    INCREMENT BY 1
    NO MINVALUE
    NO MAXVALUE
    CACHE 1;


ALTER TABLE public.cart_id_seq OWNER TO user_1;

--
-- Name: cart_id_seq; Type: SEQUENCE OWNED BY; Schema: public; Owner: user_1
--

ALTER SEQUENCE public.cart_id_seq OWNED BY public.cart.id;


--
-- Name: categories; Type: TABLE; Schema: public; Owner: user_1
--

CREATE TABLE public.categories (
    id integer NOT NULL,
    name character varying(100) NOT NULL
);


ALTER TABLE public.categories OWNER TO user_1;

--
-- Name: categories_id_seq; Type: SEQUENCE; Schema: public; Owner: user_1
--

CREATE SEQUENCE public.categories_id_seq
    AS integer
    START WITH 1
    INCREMENT BY 1
    NO MINVALUE
    NO MAXVALUE
    CACHE 1;


ALTER TABLE public.categories_id_seq OWNER TO user_1;

--
-- Name: categories_id_seq; Type: SEQUENCE OWNED BY; Schema: public; Owner: user_1
--

ALTER SEQUENCE public.categories_id_seq OWNED BY public.categories.id;


--
-- Name: goods; Type: TABLE; Schema: public; Owner: user_1
--

CREATE TABLE public.goods (
    id integer NOT NULL,
    name character varying(100) NOT NULL,
    main_photo_id integer NOT NULL,
    price integer NOT NULL,
    description character varying(300) NOT NULL,
    full_description text NOT NULL,
    category_id integer,
    shop_id integer NOT NULL,
    created_at timestamp without time zone
);


ALTER TABLE public.goods OWNER TO user_1;

--
-- Name: goods_id_seq; Type: SEQUENCE; Schema: public; Owner: user_1
--

CREATE SEQUENCE public.goods_id_seq
    AS integer
    START WITH 1
    INCREMENT BY 1
    NO MINVALUE
    NO MAXVALUE
    CACHE 1;


ALTER TABLE public.goods_id_seq OWNER TO user_1;

--
-- Name: goods_id_seq; Type: SEQUENCE OWNED BY; Schema: public; Owner: user_1
--

ALTER SEQUENCE public.goods_id_seq OWNED BY public.goods.id;


--
-- Name: messages; Type: TABLE; Schema: public; Owner: user_1
--

CREATE TABLE public.messages (
    id integer NOT NULL,
    sender_id integer NOT NULL,
    recipient_id integer NOT NULL,
    body text,
    is_delivered boolean,
    is_read boolean,
    created_at timestamp without time zone
);


ALTER TABLE public.messages OWNER TO user_1;

--
-- Name: messages_id_seq; Type: SEQUENCE; Schema: public; Owner: user_1
--

CREATE SEQUENCE public.messages_id_seq
    AS integer
    START WITH 1
    INCREMENT BY 1
    NO MINVALUE
    NO MAXVALUE
    CACHE 1;


ALTER TABLE public.messages_id_seq OWNER TO user_1;

--
-- Name: messages_id_seq; Type: SEQUENCE OWNED BY; Schema: public; Owner: user_1
--

ALTER SEQUENCE public.messages_id_seq OWNED BY public.messages.id;


--
-- Name: order_status; Type: TABLE; Schema: public; Owner: user_1
--

CREATE TABLE public.order_status (
    id integer NOT NULL,
    status character varying(200) NOT NULL
);


ALTER TABLE public.order_status OWNER TO user_1;

--
-- Name: order_status_id_seq; Type: SEQUENCE; Schema: public; Owner: user_1
--

CREATE SEQUENCE public.order_status_id_seq
    AS integer
    START WITH 1
    INCREMENT BY 1
    NO MINVALUE
    NO MAXVALUE
    CACHE 1;


ALTER TABLE public.order_status_id_seq OWNER TO user_1;

--
-- Name: order_status_id_seq; Type: SEQUENCE OWNED BY; Schema: public; Owner: user_1
--

ALTER SEQUENCE public.order_status_id_seq OWNED BY public.order_status.id;


--
-- Name: orders; Type: TABLE; Schema: public; Owner: user_1
--

CREATE TABLE public.orders (
    id integer NOT NULL,
    user_id integer NOT NULL,
    status_id integer NOT NULL,
    created_at timestamp without time zone
);


ALTER TABLE public.orders OWNER TO user_1;

--
-- Name: orders_id_seq; Type: SEQUENCE; Schema: public; Owner: user_1
--

CREATE SEQUENCE public.orders_id_seq
    AS integer
    START WITH 1
    INCREMENT BY 1
    NO MINVALUE
    NO MAXVALUE
    CACHE 1;


ALTER TABLE public.orders_id_seq OWNER TO user_1;

--
-- Name: orders_id_seq; Type: SEQUENCE OWNED BY; Schema: public; Owner: user_1
--

ALTER SEQUENCE public.orders_id_seq OWNED BY public.orders.id;


--
-- Name: photo; Type: TABLE; Schema: public; Owner: user_1
--

CREATE TABLE public.photo (
    id integer NOT NULL,
    url character varying(250) NOT NULL,
    good_id integer NOT NULL,
    size integer NOT NULL,
    uploaded_at timestamp without time zone
);


ALTER TABLE public.photo OWNER TO user_1;

--
-- Name: photo_id_seq; Type: SEQUENCE; Schema: public; Owner: user_1
--

CREATE SEQUENCE public.photo_id_seq
    AS integer
    START WITH 1
    INCREMENT BY 1
    NO MINVALUE
    NO MAXVALUE
    CACHE 1;


ALTER TABLE public.photo_id_seq OWNER TO user_1;

--
-- Name: photo_id_seq; Type: SEQUENCE OWNED BY; Schema: public; Owner: user_1
--

ALTER SEQUENCE public.photo_id_seq OWNED BY public.photo.id;


--
-- Name: shops; Type: TABLE; Schema: public; Owner: user_1
--

CREATE TABLE public.shops (
    id integer NOT NULL,
    name character varying(120) NOT NULL,
    description text NOT NULL,
    photo_url character varying(300),
    owner_id integer NOT NULL,
    created_at timestamp without time zone
);


ALTER TABLE public.shops OWNER TO user_1;

--
-- Name: shops_id_seq; Type: SEQUENCE; Schema: public; Owner: user_1
--

CREATE SEQUENCE public.shops_id_seq
    AS integer
    START WITH 1
    INCREMENT BY 1
    NO MINVALUE
    NO MAXVALUE
    CACHE 1;


ALTER TABLE public.shops_id_seq OWNER TO user_1;

--
-- Name: shops_id_seq; Type: SEQUENCE OWNED BY; Schema: public; Owner: user_1
--

ALTER SEQUENCE public.shops_id_seq OWNED BY public.shops.id;


--
-- Name: subscriptions; Type: TABLE; Schema: public; Owner: user_1
--

CREATE TABLE public.subscriptions (
    shop_id integer NOT NULL,
    user_id integer NOT NULL,
    confirmed_at timestamp without time zone
);


ALTER TABLE public.subscriptions OWNER TO user_1;

--
-- Name: users; Type: TABLE; Schema: public; Owner: user_1
--

CREATE TABLE public.users (
    id integer NOT NULL,
    first_name character varying(50) NOT NULL,
    last_name character varying(50) NOT NULL,
    email character varying(200) NOT NULL,
    phone character varying(20),
    address character varying(300),
    photo_url character varying(300),
    inn character varying(20) DEFAULT 0,
    is_sellers boolean,
    created_at timestamp without time zone
);


ALTER TABLE public.users OWNER TO user_1;

--
-- Name: users_id_seq; Type: SEQUENCE; Schema: public; Owner: user_1
--

CREATE SEQUENCE public.users_id_seq
    AS integer
    START WITH 1
    INCREMENT BY 1
    NO MINVALUE
    NO MAXVALUE
    CACHE 1;


ALTER TABLE public.users_id_seq OWNER TO user_1;

--
-- Name: users_id_seq; Type: SEQUENCE OWNED BY; Schema: public; Owner: user_1
--

ALTER SEQUENCE public.users_id_seq OWNED BY public.users.id;


--
-- Name: cart id; Type: DEFAULT; Schema: public; Owner: user_1
--

ALTER TABLE ONLY public.cart ALTER COLUMN id SET DEFAULT nextval('public.cart_id_seq'::regclass);


--
-- Name: categories id; Type: DEFAULT; Schema: public; Owner: user_1
--

ALTER TABLE ONLY public.categories ALTER COLUMN id SET DEFAULT nextval('public.categories_id_seq'::regclass);


--
-- Name: goods id; Type: DEFAULT; Schema: public; Owner: user_1
--

ALTER TABLE ONLY public.goods ALTER COLUMN id SET DEFAULT nextval('public.goods_id_seq'::regclass);


--
-- Name: messages id; Type: DEFAULT; Schema: public; Owner: user_1
--

ALTER TABLE ONLY public.messages ALTER COLUMN id SET DEFAULT nextval('public.messages_id_seq'::regclass);


--
-- Name: order_status id; Type: DEFAULT; Schema: public; Owner: user_1
--

ALTER TABLE ONLY public.order_status ALTER COLUMN id SET DEFAULT nextval('public.order_status_id_seq'::regclass);


--
-- Name: orders id; Type: DEFAULT; Schema: public; Owner: user_1
--

ALTER TABLE ONLY public.orders ALTER COLUMN id SET DEFAULT nextval('public.orders_id_seq'::regclass);


--
-- Name: photo id; Type: DEFAULT; Schema: public; Owner: user_1
--

ALTER TABLE ONLY public.photo ALTER COLUMN id SET DEFAULT nextval('public.photo_id_seq'::regclass);


--
-- Name: shops id; Type: DEFAULT; Schema: public; Owner: user_1
--

ALTER TABLE ONLY public.shops ALTER COLUMN id SET DEFAULT nextval('public.shops_id_seq'::regclass);


--
-- Name: users id; Type: DEFAULT; Schema: public; Owner: user_1
--

ALTER TABLE ONLY public.users ALTER COLUMN id SET DEFAULT nextval('public.users_id_seq'::regclass);


--
-- Data for Name: cart; Type: TABLE DATA; Schema: public; Owner: user_1
--

COPY public.cart (id, user_id, goods_id, count, order_id, status, created_at) FROM stdin;
1	145	58	8	1	1	2023-02-28 10:05:44
2	194	143	10	0	0	2022-08-19 01:09:27
3	174	130	1	0	0	2022-10-02 12:05:54
4	183	163	5	0	0	2021-08-01 16:09:56
5	180	113	6	0	0	2021-08-05 11:43:50
6	144	172	3	0	0	2022-11-03 06:59:24
7	124	192	2	0	0	2023-04-23 06:57:15
8	107	27	9	2	1	2023-05-01 00:05:54
9	123	173	6	0	0	2022-08-15 08:20:23
10	164	156	6	3	1	2021-07-27 00:21:08
11	128	34	9	0	0	2023-03-09 07:24:12
12	164	127	10	4	1	2022-08-24 07:55:16
13	113	149	6	0	0	2022-05-30 08:34:33
14	126	123	9	5	1	2022-06-22 09:59:33
15	133	145	7	6	1	2022-04-27 01:53:23
16	198	162	5	7	1	2021-09-24 01:36:27
17	180	181	3	0	0	2022-01-01 06:56:15
18	161	163	5	0	0	2022-07-04 00:07:59
19	131	111	5	0	0	2022-12-20 02:13:55
20	115	180	3	8	1	2021-12-23 22:06:56
21	173	160	8	0	0	2021-08-12 21:25:12
22	120	34	10	0	0	2021-11-07 09:36:00
23	158	169	4	9	1	2022-03-30 18:34:13
24	155	99	10	10	1	2021-12-08 06:28:48
25	139	93	2	0	0	2022-07-15 00:39:20
26	185	88	7	11	1	2022-03-26 11:51:53
27	127	98	5	0	0	2023-03-13 00:40:32
28	118	123	1	12	1	2022-12-18 12:04:59
29	117	68	3	0	0	2022-03-03 10:45:00
30	185	191	7	0	0	2021-12-25 03:52:59
31	168	167	6	0	0	2023-03-26 12:22:13
32	117	181	2	13	1	2021-09-01 21:59:02
33	182	43	3	14	1	2022-02-05 16:40:27
34	178	125	1	15	1	2023-05-01 16:10:47
35	101	152	1	0	0	2022-03-07 08:51:09
36	167	55	9	16	1	2022-06-07 20:05:34
37	120	87	7	17	1	2021-07-21 04:07:34
38	190	189	4	18	1	2021-12-26 12:58:34
39	162	106	3	0	0	2022-03-31 19:02:22
40	178	47	10	0	0	2021-08-18 11:20:50
41	158	114	8	0	0	2022-02-21 19:05:24
42	163	120	7	0	0	2021-09-30 21:42:58
43	131	166	7	19	1	2022-11-26 17:53:56
44	171	52	4	20	1	2022-08-03 11:21:57
45	195	61	3	21	1	2021-07-09 06:01:08
46	186	151	4	22	1	2023-02-24 03:53:34
47	184	78	2	23	1	2022-04-23 10:01:21
48	138	71	6	24	1	2023-02-26 21:07:28
49	178	159	1	25	1	2022-06-27 05:13:59
50	123	108	3	0	0	2021-11-05 16:12:10
51	171	139	3	26	1	2021-12-08 00:15:58
52	153	32	9	27	1	2021-12-02 13:43:05
53	184	140	3	0	0	2021-11-11 12:10:22
54	194	119	2	28	1	2022-12-13 06:38:07
55	175	162	5	29	1	2022-07-06 01:42:13
56	107	124	10	0	0	2022-04-01 10:03:44
57	152	17	6	0	0	2022-01-12 02:40:14
58	121	95	7	30	1	2022-07-17 08:06:22
59	168	45	7	31	1	2022-06-14 10:47:29
60	184	150	2	32	1	2023-05-15 05:57:45
61	186	103	8	0	0	2022-05-02 03:55:14
62	190	174	9	0	0	2023-02-11 17:14:42
63	191	62	8	0	0	2023-02-25 22:51:14
64	190	159	1	33	1	2023-04-05 04:43:47
65	130	149	7	34	1	2022-07-12 09:46:03
66	125	54	5	0	0	2021-11-18 11:44:16
67	115	63	3	0	0	2022-02-25 20:30:20
68	102	76	6	0	0	2023-02-11 17:11:43
69	184	166	5	35	1	2021-10-26 05:35:47
70	168	122	3	0	0	2021-05-24 00:49:50
71	166	94	4	0	0	2022-08-25 04:36:24
72	192	127	1	36	1	2022-10-08 14:43:53
73	110	63	7	0	0	2022-03-16 02:31:53
74	120	136	5	37	1	2021-10-13 15:00:15
75	149	130	2	38	1	2022-07-13 01:06:43
76	102	73	9	0	0	2021-12-11 02:39:29
77	161	31	5	39	1	2021-09-16 22:52:31
78	147	195	4	40	1	2022-05-10 01:03:42
79	143	136	7	41	1	2021-07-30 06:52:37
80	110	15	9	42	1	2023-02-16 08:53:06
81	198	9	9	43	1	2022-11-14 15:37:34
82	196	4	9	0	0	2022-03-30 22:40:48
83	112	89	10	0	0	2022-01-05 10:14:49
84	125	99	5	0	0	2022-04-06 09:16:37
85	133	181	7	44	1	2022-04-19 14:35:46
86	145	137	10	45	1	2021-12-23 05:58:10
87	139	2	3	46	1	2021-09-28 11:43:52
88	163	82	7	47	1	2022-04-01 18:43:24
89	187	155	7	48	1	2021-05-24 06:11:11
90	166	98	1	49	1	2021-06-06 17:57:12
91	192	149	1	0	0	2023-03-24 20:55:05
92	147	200	6	0	0	2023-01-22 01:27:56
93	125	192	10	0	0	2022-04-08 07:28:09
94	191	111	3	0	0	2022-01-31 05:08:56
95	111	22	3	0	0	2022-02-25 12:15:32
96	112	167	1	50	1	2022-06-01 03:11:40
97	172	39	6	0	0	2022-08-31 12:29:36
98	134	159	7	51	1	2022-04-26 13:18:59
99	188	146	5	0	0	2022-06-13 18:44:28
100	109	68	8	52	1	2022-11-19 07:19:02
101	119	191	7	0	0	2022-10-30 05:06:20
102	108	40	8	53	1	2022-05-07 09:49:16
103	168	55	9	0	0	2021-08-22 00:08:21
104	152	4	5	54	1	2023-03-10 18:13:26
105	175	165	6	55	1	2022-09-09 23:49:10
106	141	159	2	56	1	2022-01-27 12:36:56
107	103	117	2	0	0	2023-02-18 12:34:39
108	162	180	7	57	1	2022-11-10 20:51:49
109	169	83	9	0	0	2022-12-23 13:00:16
110	165	8	4	58	1	2022-05-12 12:04:24
111	123	36	3	59	1	2021-12-12 10:04:19
112	137	124	2	0	0	2023-03-12 14:47:16
113	133	34	6	0	0	2021-11-20 01:39:34
114	102	89	2	60	1	2023-01-17 17:44:08
115	168	116	8	0	0	2021-10-10 23:21:28
116	139	77	7	0	0	2022-04-24 06:30:56
117	195	103	7	0	0	2022-11-12 12:09:48
118	195	77	9	0	0	2021-06-15 22:42:18
119	143	131	6	61	1	2023-02-14 23:05:53
120	132	74	3	0	0	2023-05-10 10:43:09
121	179	30	4	0	0	2022-01-22 06:52:47
122	130	123	10	62	1	2022-03-28 10:47:48
123	152	175	7	63	1	2021-11-24 21:49:57
124	179	151	2	0	0	2022-10-31 11:28:23
125	109	42	3	64	1	2022-12-06 23:05:07
126	164	18	10	65	1	2021-10-19 10:45:22
127	179	129	10	66	1	2021-06-10 03:02:24
128	123	29	9	67	1	2023-01-26 01:23:23
129	157	184	6	0	0	2021-11-29 00:00:20
130	155	124	7	68	1	2022-06-26 17:42:47
131	182	28	2	69	1	2021-07-29 06:01:58
132	137	10	9	0	0	2022-11-01 22:02:31
133	122	37	4	0	0	2022-03-27 07:43:45
134	152	108	2	70	1	2022-12-30 03:25:17
135	133	128	7	71	1	2022-06-05 19:14:38
136	106	63	2	0	0	2023-04-28 07:46:31
137	196	59	2	72	1	2022-03-23 20:20:18
138	131	102	9	0	0	2022-08-04 08:44:50
139	122	32	2	0	0	2021-12-28 17:35:03
140	188	177	4	73	1	2023-03-06 18:25:32
141	176	21	1	74	1	2023-01-01 04:32:19
142	123	34	5	75	1	2021-10-12 21:16:30
143	197	74	2	0	0	2021-11-20 16:08:07
144	163	136	8	76	1	2022-09-04 20:22:05
145	142	169	10	0	0	2021-10-05 07:39:15
146	105	120	5	0	0	2022-05-17 23:34:35
147	111	93	9	0	0	2021-08-28 22:13:26
148	178	99	3	0	0	2023-01-25 20:08:26
149	170	113	2	77	1	2022-05-09 08:54:05
150	145	90	5	78	1	2022-03-02 08:33:08
151	138	103	8	79	1	2023-01-30 17:52:43
152	121	55	8	0	0	2022-02-14 05:53:07
153	140	42	4	80	1	2022-09-26 08:10:09
154	178	66	6	81	1	2021-07-08 15:41:04
155	185	12	1	0	0	2022-04-07 13:38:48
156	149	57	10	0	0	2022-01-20 18:46:28
157	143	78	2	0	0	2022-07-12 06:30:10
158	199	95	5	0	0	2023-01-05 08:58:03
159	149	161	3	0	0	2021-08-26 19:18:11
160	118	69	6	0	0	2021-09-05 22:47:34
161	178	79	10	0	0	2021-09-22 12:39:42
162	125	18	10	82	1	2022-12-30 10:19:40
163	129	150	7	0	0	2022-03-28 19:00:15
164	138	34	3	0	0	2022-08-29 18:18:38
165	152	137	10	0	0	2023-03-25 17:50:22
166	161	21	7	0	0	2021-08-21 14:04:40
167	190	196	6	0	0	2022-06-22 21:02:18
168	170	107	4	83	1	2023-02-04 12:17:10
169	111	119	7	84	1	2021-10-26 21:57:20
170	163	18	9	0	0	2022-10-23 11:09:33
171	198	70	2	0	0	2021-11-14 10:40:07
172	189	75	9	0	0	2022-12-02 06:42:47
173	128	88	7	85	1	2021-07-08 22:38:06
174	158	109	8	86	1	2021-09-18 05:54:10
175	184	127	5	87	1	2021-07-10 09:48:47
176	109	84	5	88	1	2022-11-15 14:14:13
177	109	66	7	89	1	2021-08-31 06:14:13
178	167	149	2	0	0	2023-04-03 01:07:00
179	162	122	2	0	0	2022-10-10 16:28:38
180	126	29	4	90	1	2022-11-19 09:33:56
181	188	118	1	0	0	2022-08-06 19:20:04
182	135	149	2	0	0	2021-06-14 03:01:41
183	171	189	6	91	1	2022-10-29 18:20:03
184	107	187	8	92	1	2022-05-28 00:47:07
185	183	124	9	0	0	2022-01-26 23:49:11
186	130	78	4	93	1	2022-04-06 12:57:13
187	168	30	2	0	0	2023-02-28 09:06:32
188	121	167	8	94	1	2022-08-06 22:29:36
189	141	199	3	95	1	2023-04-29 00:11:27
190	199	36	8	96	1	2021-05-31 07:17:32
191	102	150	4	97	1	2021-12-22 03:30:45
192	147	92	6	0	0	2021-05-26 07:26:56
193	133	40	3	0	0	2021-12-24 17:14:29
194	155	75	7	0	0	2021-09-17 13:39:49
195	153	38	8	0	0	2022-08-14 02:59:10
196	174	197	6	98	1	2022-11-23 12:10:54
197	191	40	2	0	0	2021-11-29 19:30:24
198	183	30	2	99	1	2022-05-14 02:36:33
199	140	92	6	0	0	2023-01-08 05:17:17
200	179	30	4	100	1	2022-08-30 02:18:43
\.


--
-- Data for Name: categories; Type: TABLE DATA; Schema: public; Owner: user_1
--

COPY public.categories (id, name) FROM stdin;
1	lorem
2	vestibulum. Mauris
3	ligula
4	hendrerit
5	morbi tristique
6	justo nec
7	id
8	Morbi
9	tellus,
10	dolor
\.


--
-- Data for Name: goods; Type: TABLE DATA; Schema: public; Owner: user_1
--

COPY public.goods (id, name, main_photo_id, price, description, full_description, category_id, shop_id, created_at) FROM stdin;
1	tellus. Phasellus	75	297	laoreet posuere, enim nisl	nec, euismod in, dolor. Fusce feugiat. Lorem ipsum dolor sit amet,	6	12	2022-04-07 14:49:15
2	tincidunt vehicula risus.	77	267	feugiat metus sit amet ante.	Duis a mi fringilla mi lacinia mattis. Integer eu lacus. Quisque imperdiet,	1	173	2022-10-19 23:26:39
3	Suspendisse	53	715	dictum cursus. Nunc mauris	primis in faucibus orci luctus et ultrices posuere cubilia Curae Phasellus ornare. Fusce mollis. Duis sit	9	174	2022-02-01 17:32:43
4	ipsum. Suspendisse sagittis. Nullam	71	654	feugiat. Sed necsit amet, consectetuer adipiscing elit. Aliquam auctor, velit eget laoreet posuere, enim nisl elementum purus,	4	97	2021-12-18 14:20:29
5	magna. Ut tincidunt orci	58	883	Etiam vestibulum massa	urna justo faucibus lectus, a sollicitudin orci sem eget massa. Suspendisse eleifend. Cras	10	100	2021-06-26 03:12:20
6	montes, nascetur ridiculus mus.	52	205	feugiat tellus lorem eu metus.	gravida molestie arcu. Sed eu nibh vulputate mauris sagittis placerat. Cras dictum ultricies	1	131	2022-08-28 05:37:23
7	Sed	53	686	senectus et netus et malesuada	magna sed dui. Fusce aliquam, enim nec tempus scelerisque, lorem ipsum sodales purus,	7	164	2022-06-17 19:09:00
8	nibh lacinia orci, consectetuer euismod	68	337	nibh dolor, nonummy ac, feugiat	ullamcorper eu, euismod ac, fermentum vel, mauris. Integer sem elit, pharetra	4	58	2022-02-10 20:56:03
9	ut, pellentesque eget, dictum placerat,	58	399	nisl elementum purus, accumsan	porttitor interdum. Sed auctor odio a purus. Duis elementum, dui quis accumsan convallis, ante lectus convallis	4	79	2022-10-11 16:13:56
10	enim. Curabitur	58	114	tincidunt orci quis	a nunc. In at pede. Cras vulputate velit eu sem. Pellentesque ut	5	84	2022-11-06 02:17:40
11	nascetur ridiculus mus. Proin vel	50	765	lacinia at, iaculis quis,	interdum. Curabitur dictum. Phasellus in felis. Nulla tempor augue ac ipsum. Phasellus	9	27	2022-05-19 10:04:49
12	Pellentesque habitant morbi tristique	76	351	magna tellus faucibus	malesuada fringilla est. Mauris eu turpis. Nulla aliquet. Proin velit. Sed malesuada augue ut lacus. Nulla tincidunt, neque vitae semper	9	189	2022-03-28 11:05:20
13	mi eleifend	82	692	orci lobortis augue scelerisque	ac libero nec ligula consectetuer rhoncus. Nullam velit dui, semper et, lacinia	10	98	2021-06-28 20:12:49
14	quam. Pellentesque habitant	65	132	orci. Ut semper pretium neque.	convallis, ante lectus convallis est, vitae sodales nisi magna sed dui. Fusce	4	95	2023-03-01 21:02:22
15	parturient montes,	54	749	volutpat. Nulla dignissim. Maecenas	Mauris nulla. Integer urna. Vivamus molestie dapibus ligula. Aliquam erat volutpat. Nulla dignissim. Maecenas ornare egestas	8	20	2022-08-15 23:14:21
16	Nulla semper tellus	82	200	Curabitur dictum. Phasellus in	a, scelerisque sed, sapien. Nunc pulvinar arcu et pede. Nunc sed orci lobortis augue scelerisque mollis. Phasellus libero mauris,	8	171	2022-12-12 14:35:28
17	nibh. Phasellus	54	195	cursus vestibulum. Mauris magna. Duis	Nulla facilisis. Suspendisse commodo tincidunt nibh. Phasellus nulla. Integer vulputate, risus a ultricies	1	189	2023-02-15 07:16:59
18	scelerisque dui. Suspendisse	62	778	lobortis mauris. Suspendisse aliquet	egestas nunc sed libero. Proin sed turpis nec mauris blandit mattis. Cras eget nisi dictum augue malesuada malesuada. Integer	10	91	2022-01-15 09:53:10
19	enim commodo	51	284	sagittis. Nullam vitae diam.	hendrerit neque. In ornare sagittis felis. Donec tempor, est ac mattis semper, dui lectus rutrum urna, nec luctus	6	12	2023-01-08 02:31:02
20	lobortis mauris. Suspendisse aliquet molestie	54	704	metus urna convallis	molestie tellus. Aenean egestas hendrerit neque. In ornare sagittis felis. Donec tempor, est ac mattis	5	102	2021-07-12 07:41:20
21	ullamcorper viverra.	79	531	ultrices. Vivamus rhoncus. Donec est.	libero. Integer in magna. Phasellus dolor elit, pellentesque a, facilisis non, bibendum sed, est. Nunc laoreet lectus	4	38	2021-10-02 00:32:26
22	egestas nunc sed libero.	91	874	Phasellus libero mauris, aliquam eu,	Duis risus odio, auctor vitae, aliquet nec, imperdiet nec, leo. Morbi neque tellus, imperdiet	8	8	2021-08-31 13:45:32
23	ut nisi a odio	84	829	est ac facilisis	Aliquam tincidunt, nunc ac mattis ornare, lectus ante dictum mi, ac	10	67	2023-02-05 14:05:14
24	fermentum metus.	77	743	non lorem vitae odio sagittis	erat. Etiam vestibulum massa rutrum magna. Cras convallis convallis dolor. Quisque tincidunt pede ac urna. Ut tincidunt vehicula risus.	3	115	2022-08-23 23:48:41
25	eget, dictum placerat,	98	814	amet metus. Aliquam erat	orci. Phasellus dapibus quam quis diam. Pellentesque habitant morbi tristique	2156	2023-05-22 06:50:00
26	ut cursus luctus, ipsum leo	73	869	dolor. Donec fringilla. Donec feugiat	nisi. Cum sociis natoque penatibus et magnis dis parturient montes, nascetur	2	45	2022-09-27 13:11:59
27	fermentum vel,	71	982	dolor sit amet, consectetuer adipiscingac risus. Morbi metus. Vivamus euismod urna. Nullam lobortis quam a felis ullamcorper viverra.	7	28	2023-01-23 13:37:31
28	facilisis eget,	51	108	nulla vulputate dui, nec	ut mi. Duis risus odio, auctor vitae, aliquet nec, imperdiet nec, leo. Morbi neque tellus, imperdiet	9	172	2022-01-15 03:17:48
29	arcu et pede.	69	358	rutrum lorem ac	lobortis. Class aptent taciti sociosqu ad litora torquent per conubia nostra, per inceptos hymenaeos. Mauris ut quam	10	57	2022-09-30 08:00:23
30	sollicitudin commodo ipsum.	77	251	nibh lacinia orci,	quis massa. Mauris vestibulum, neque sed dictum eleifend, nunc risus varius	695	2023-03-26 15:46:09
31	vulputate, lacus. Cras	89	823	sagittis semper. Nam tempor diameuismod ac, fermentum vel, mauris. Integer sem elit, pharetra ut, pharetra sed, hendrerit	6	71	2021-05-31 23:28:26
32	gravida sit amet, dapibus	51	213	Suspendisse sed dolor. Fusce	dolor. Fusce feugiat. Lorem ipsum dolor sit amet, consectetuer adipiscing elit.	9	114	2021-06-22 05:27:54
33	blandit. Nam	68	345	nonummy ut, molestie in,	pulvinar arcu et pede. Nunc sed orci lobortis augue scelerisque mollis. Phasellus libero mauris, aliquam eu, accumsan sed,	9	27	2022-01-17 19:54:00
34	Quisque libero lacus, varius	95	207	convallis erat, eget tincidunt dui	enim. Suspendisse aliquet, sem ut cursus luctus, ipsum leo elementum sem, vitae aliquam eros turpis non enim.	9	93	2023-02-06 07:11:15
35	convallis, ante lectus	99	763	ut lacus. Nulla	auctor, nunc nulla vulputate dui, nec tempus mauris erat eget ipsum. Suspendisse sagittis.	10	29	2022-09-05 17:31:42
36	dapibus gravida. Aliquam tincidunt, nunc	68	575	sociis natoque penatibus et magnis	dictum. Proin eget odio. Aliquam vulputate ullamcorper magna. Sed eu eros. Nam consequat dolor vitae	9	44	2022-12-09 20:26:56
37	faucibus id, libero.	78	815	dui. Cum sociis	accumsan convallis, ante lectus convallis est, vitae sodales nisi magna sed dui.	5	175	2022-08-12 04:34:51
38	senectus et netus et	86	286	Aliquam fringilla cursus purus.Proin eget odio. Aliquam vulputate ullamcorper magna. Sed eu eros. Nam consequat dolor vitae dolor. Donec	6	173	2022-07-07 07:34:45
39	Duis cursus, diam	81	187	sem. Nulla interdum.	non arcu. Vivamus sit amet risus. Donec egestas. Aliquam nec enim. Nunc ut erat.	4137	2022-12-01 11:28:58
40	Maecenas iaculis aliquet	74	833	porttitor vulputate, posuere vulputate,	mauris ut mi. Duis risus odio, auctor vitae, aliquet nec, imperdiet nec, leo. Morbi neque tellus, imperdiet non, vestibulum	8	181	2022-04-18 22:48:01
41	sodales. Mauris blandit enim consequat	97	970	a neque. Nullamest arcu ac orci. Ut semper pretium neque. Morbi quis urna. Nunc quis arcu vel quam dignissim pharetra.	8	5	2021-12-15 20:20:54
42	at arcu. Vestibulum ante	73	529	lorem, sit amet ultricies sem	nec tellus. Nunc lectus pede, ultrices a, auctor non, feugiat nec, diam. Duis mi enim,	3	93	2021-08-26 14:55:21
43	Duis dignissim tempor	64	261	enim non nisi.	Donec elementum, lorem ut aliquam iaculis, lacus pede sagittis augue, eu tempor erat neque non quam. Pellentesque habitant morbi	3	67	2022-06-14 00:56:13
44	Duis cursus,	88	357	congue. In scelerisque scelerisque	lectus. Nullam suscipit, est ac facilisis facilisis, magna tellus faucibus leo, in	7	125	2021-11-02 11:47:00
45	congue,	75	700	eget, venenatis a,	odio semper cursus. Integer mollis. Integer tincidunt aliquam arcu. Aliquam ultrices iaculis odio. Nam interdum enim non nisi. Aenean	5	68	2022-04-07 16:47:31
46	accumsan neque et	96	151	nec luctus felis purus ac	mi tempor lorem, eget mollis lectus pede et risus. Quisque libero lacus, varius et, euismod et, commodo at, libero.	8	41	2022-06-01 14:32:30
47	lobortis quis, pede. Suspendisse	93	465	cursus et, magna. Praesent	Phasellus dapibus quam quis diam. Pellentesque habitant morbi tristique senectus et netus	9	94	2021-10-13 13:39:02
48	et arcu imperdiet ullamcorper.	68	975	libero. Donec consectetuer mauris	convallis dolor. Quisque tincidunt pede ac urna. Ut tincidunt vehicula risus. Nulla eget metus eu	7	102	2021-12-24 13:42:53
49	ut dolor	54	402	ligula. Aliquam erat	Integer id magna et ipsum cursus vestibulum. Mauris magna. Duis dignissim tempor arcu. Vestibulum ut eros non enim	2	166	2023-01-04 17:29:57
50	facilisis lorem tristique aliquet.	92	423	et magnis dis parturient	metus facilisis lorem tristique aliquet. Phasellus fermentum convallis ligula. Donec luctus aliquet odio. Etiam ligula tortor, dictum eu,	8173	2022-10-29 10:45:33
51	ipsum non arcu. Vivamus sit	80	250	ligula consectetuer rhoncus. Nullam velit	cursus. Nunc mauris elit, dictum eu, eleifend nec, malesuada ut, sem. Nulla interdum. Curabitur dictum. Phasellus in felis. Nulla tempor3	191	2022-01-11 08:21:40
52	luctus sit amet,	96	401	Duis ac arcu. Nunc	a odio semper cursus. Integer mollis. Integer tincidunt aliquam arcu. Aliquam	9	143	2021-08-04 11:24:44
53	hendrerit id, ante.	59	872	Nulla eget metus	libero. Proin mi. Aliquam gravida mauris ut mi. Duis risus odio, auctor vitae, aliquet nec,	10	109	2022-02-25 11:35:25
54	ipsum porta elit, a feugiat	79	243	penatibus et magnis	convallis erat, eget tincidunt dui augue eu tellus. Phasellus elit pede, malesuada	10	20	2022-02-23 05:55:59
55	non, lacinia at,	62	942	Aenean eget metus. In nec	a, dui. Cras pellentesque. Sed dictum. Proin eget odio. Aliquam vulputate ullamcorper magna. Sed eu eros. Nam consequat	9	90	2023-05-15 12:53:33
56	eu nulla at sem	96	335	enim mi tempor lorem,	congue a, aliquet vel, vulputate eu, odio. Phasellus at augue id ante dictum	8	48	2022-10-29 15:17:35
57	accumsan sed, facilisis	92	799	lorem fringilla ornare placerat,vel, vulputate eu, odio. Phasellus at augue id ante dictum cursus. Nunc mauris elit, dictum eu,	6	132	2021-09-23 08:48:15
58	arcu. Nunc mauris. Morbi	58	237	Donec egestas. Duis ac	sit amet ante. Vivamus non lorem vitae odio sagittis semper. Nam tempor	5	129	2022-10-22 22:32:01
59	mollis. Phasellus libero	77	232	eu elit. Nulla facilisi.quis massa. Mauris vestibulum, neque sed dictum eleifend, nunc risus varius orci,	9	194	2023-02-09 01:11:59
60	Nulla facilisis.	94	872	non, feugiat nec, diam.	lorem lorem, luctus ut, pellentesque eget, dictum placerat, augue. Sed molestie. Sed id risus quis diam	3	37	2022-03-19 21:10:32
61	feugiat. Lorem	73	820	non quam. Pellentesque habitant morbi	ac nulla. In tincidunt congue turpis. In condimentum. Donec at arcu. Vestibulum ante ipsum	5	88	2021-09-30 07:03:26
62	eget metus. In	92	919	consectetuer ipsum nunc id	eget, dictum placerat, augue. Sed molestie. Sed id risus quis diam luctus lobortis. Class	4	173	2021-10-09 04:27:22
63	rutrum eu, ultrices sit	53	115	Pellentesque ut ipsum ac	et magnis dis parturient montes, nascetur ridiculus mus. Donec dignissim magna a tortor. Nunc	3	183	2021-09-07 01:00:10
64	fames ac turpis egestas.	69	788	sagittis. Duis gravida. Praesent	magna. Ut tincidunt orci quis lectus. Nullam suscipit, est ac facilisis facilisis,	6	109	2023-01-23 10:35:58
65	aliquet, sem	57	855	Curabitur vel lectus. Cum sociis	libero. Morbi accumsan laoreet ipsum. Curabitur consequat, lectus sit amet luctus vulputate, nisi sem semper erat,	7	168	2022-05-08 18:56:31
66	amet luctus	88	724	hendrerit a, arcu. Sed et	non massa non ante bibendum ullamcorper. Duis cursus, diam at pretium aliquet, metus urna convallis erat,	10	162	2021-07-04 16:35:59
67	In scelerisque	89	236	orci, adipiscing non, luctus sit	nibh dolor, nonummy ac, feugiat non, lobortis quis, pede. Suspendisse dui. Fusce diam nunc,	5	196	2021-10-05 19:43:16
68	vitae sodales	69	399	nascetur ridiculus mus. Proin	dolor dolor, tempus non, lacinia at, iaculis quis, pede. Praesent eu dui. Cum sociis natoque penatibus et magnis	2	141	2021-09-24 10:06:37
69	nisi	94	747	sit amet ornare lectus	tempor arcu. Vestibulum ut eros non enim commodo hendrerit. Donec porttitor tellus non magna.	6	68	2022-10-12 00:43:45
70	sodales elit erat vitae risus.	89	960	ligula tortor, dictum eu,	Suspendisse aliquet molestie tellus. Aenean egestas hendrerit neque. In ornare sagittis felis. Donec tempor, est ac mattis semper, dui lectus	7	92022-03-18 12:51:41
71	orci. Ut sagittis lobortis mauris.	93	929	elit. Nulla facilisi. Sed neque.	felis orci, adipiscing non, luctus sit amet, faucibus ut, nulla. Cras eu tellus	2	169	2022-01-31 20:55:14
72	et, euismod	72	747	elit elit fermentum risus,	magnis dis parturient montes, nascetur ridiculus mus. Aenean eget magna. Suspendisse tristique neque	4	126	2023-03-18 22:43:54
73	pellentesque massa	69	203	Integer tincidunt aliquam arcu.at, velit. Pellentesque ultricies dignissim lacus. Aliquam rutrum lorem ac risus. Morbi metus. Vivamus euismod	9	42	2023-04-11 06:48:28
74	Cum sociis natoque	78	379	non justo. Proin non	Vivamus non lorem vitae odio sagittis semper. Nam tempor diam dictum	8	80	2022-12-15 01:41:12
75	mi. Duis	58	333	scelerisque neque. Nullam nisl. MaecenasNam ac nulla. In tincidunt congue turpis. In condimentum. Donec at arcu. Vestibulum ante ipsum primis in faucibus orci	8	78	2022-06-26 10:11:42
76	Aliquam	52	142	Suspendisse sed dolor. Fusce	et ipsum cursus vestibulum. Mauris magna. Duis dignissim tempor arcu. Vestibulum ut eros non enim commodo hendrerit. Donec porttitor	8	25	2023-03-10 08:58:48
77	lacus. Quisque imperdiet,	73	562	sem magna nec quam. Curabitur	cursus a, enim. Suspendisse aliquet, sem ut cursus luctus, ipsum leo elementum sem, vitae aliquam eros turpis	5	136	2022-06-15 13:19:55
78	velit eget laoreet	96	904	Nunc commodo auctor velit.	diam nunc, ullamcorper eu, euismod ac, fermentum vel, mauris. Integer sem elit, pharetra ut, pharetra sed, hendrerit a,	3	109	2021-06-06 22:02:03
79	Nullam feugiat placerat velit.	82	159	sit amet lorem semper	taciti sociosqu ad litora torquent per conubia nostra, per inceptos hymenaeos. Mauris ut quam vel sapien imperdiet	3	59	2021-08-14 08:30:34
80	suscipit, est	80	995	aliquet magna a neque.	ullamcorper magna. Sed eu eros. Nam consequat dolor vitae dolor. Donec fringilla. Donec feugiat metus sit amet ante. Vivamus	4	7	2023-01-20 20:21:54
81	eleifend non, dapibus	62	535	elit, pharetra ut,	pretium neque. Morbi quis urna. Nunc quis arcu vel quam dignissim pharetra. Nam	7	177	2022-12-01 20:38:00
82	felis ullamcorper viverra. Maecenas	73	994	ac mi eleifend egestas. Sed	a, auctor non, feugiat nec, diam. Duis mi enim, condimentum eget, volutpat ornare,	5	187	2023-03-19 15:59:38
83	adipiscing fringilla, porttitor vulputate,	65	649	Aenean egestas hendrerit neque. In	blandit mattis. Cras eget nisi dictum augue malesuada malesuada. Integer id magna et ipsum cursus vestibulum.	7	100	2022-01-22 15:06:23
84	montes, nascetur ridiculus mus. Donec	89	482	lacus. Quisque imperdiet,	fringilla cursus purus. Nullam scelerisque neque sed sem egestas blandit. Nam nulla magna, malesuada vel, convallis	6	186	2023-01-03 00:08:58
85	natoque penatibus	97	229	Quisque imperdiet, erat nonummy ultricies	Maecenas mi felis, adipiscing fringilla, porttitor vulputate, posuere vulputate, lacus. Cras	9	166	2023-02-02 04:46:14
86	Fusce mi	60	642	Nulla eu neque pellentesque	Aliquam adipiscing lobortis risus. In mi pede, nonummy ut, molestie in, tempus eu, ligula. Aenean euismod	3	49	2021-08-19 03:59:18
87	Quisque varius. Nam porttitor	61	677	purus. Duis elementum, dui quis	at risus. Nunc ac sem ut dolor dapibus gravida. Aliquam tincidunt, nunc ac mattis ornare,	8	45	2022-07-12 14:32:50
88	Praesent luctus. Curabitur egestas	69	961	auctor quis, tristique ac,	cursus purus. Nullam scelerisque neque sed sem egestas blandit. Nam nulla magna, malesuada vel, convallis in, cursus	7	8	2022-02-15 23:34:13
89	facilisis eget, ipsum. Donec sollicitudin	52	431	penatibus et magnis dis	imperdiet ornare. In faucibus. Morbi vehicula. Pellentesque tincidunt tempus risus. Donec egestas.	10	11	2021-11-11 18:32:02
90	Praesent	63	375	neque non quam. Pellentesque	Morbi metus. Vivamus euismod urna. Nullam lobortis quam a felis ullamcorper viverra. Maecenas iaculis aliquet diam. Sed diam lorem, auctor	8	131	2022-01-27 18:13:48
91	magna. Nam ligula	81	576	arcu eu odio tristique pharetra.ante dictum mi, ac mattis velit justo nec ante. Maecenas mi felis, adipiscing fringilla,	9	141	2022-04-24 17:26:46
92	dui. Cum sociis	57	828	ipsum ac mi eleifend egestas.	nec tempus scelerisque, lorem ipsum sodales purus, in molestie tortor nibh sit amet orci. Ut sagittis lobortis	3	29	2021-08-15 23:36:30
93	tortor, dictum eu,	89	290	dictum sapien. Aenean massa.	Quisque tincidunt pede ac urna. Ut tincidunt vehicula risus. Nulla eget metus eu10	42	2023-04-21 19:51:54
94	Donec luctus aliquet	54	201	Duis dignissim tempor arcu.	neque venenatis lacus. Etiam bibendum fermentum metus. Aenean sed pede nec	987	2023-04-03 01:57:27
95	nisl	92	410	Maecenas malesuada fringilla est. Mauris	libero. Proin sed turpis nec mauris blandit mattis. Cras eget nisi	3	151	2022-02-14 09:30:04
96	rutrum. Fusce	93	942	auctor non, feugiat	purus, in molestie tortor nibh sit amet orci. Ut sagittis lobortis mauris. Suspendisse aliquet	8138	2021-07-14 02:08:57
97	ligula. Nullam	69	165	Suspendisse non leo. Vivamus	urna et arcu imperdiet ullamcorper. Duis at lacus. Quisque purus sapien, gravida non,	2104	2022-01-07 04:40:14
98	aliquet, sem ut cursus	63	679	laoreet lectus quis massa.	orci luctus et ultrices posuere cubilia Curae Donec tincidunt. Donec vitae erat	183	2021-12-25 08:34:35
99	elit. Aliquam auctor, velit	73	288	erat. Sed nunc est,	dictum ultricies ligula. Nullam enim. Sed nulla ante, iaculis nec, eleifend non, dapibus rutrum, justo. Praesent luctus. Curabitur egestas	9	28	2023-03-07 12:42:38
100	Aliquam erat volutpat. Nulla dignissim.	99	575	et magnis dis parturient	dui quis accumsan convallis, ante lectus convallis est, vitae sodales nisi magna sed dui. Fusce	6	30	2021-12-06 01:41:45
101	sed, hendrerit a, arcu.	82	718	magna et ipsum cursus vestibulum.	lacus, varius et, euismod et, commodo at, libero. Morbi accumsan laoreet ipsum. Curabitur consequat, lectus sit amet luctus	4	118	2023-05-03 23:16:16
102	in molestie tortor nibh	50	296	pharetra nibh. Aliquam ornare,	eros. Nam consequat dolor vitae dolor. Donec fringilla. Donec feugiat metus sit amet	9	94	2022-09-21 16:18:24
103	Suspendisse aliquet	65	687	sed orci lobortis augue scelerisque	eu nibh vulputate mauris sagittis placerat. Cras dictum ultricies ligula. Nullam enim.	6	117	2021-11-11 15:34:31
104	ante. Maecenas	59	117	luctus, ipsum leo elementum	posuere cubilia Curae Donec tincidunt. Donec vitae erat vel pede blandit congue. In	2117	2022-04-29 17:57:25
105	eros. Nam consequat	86	456	et, magna. Praesent interdum	habitant morbi tristique senectus et netus et malesuada fames ac turpis egestas. Fusce aliquet magna a	4	132	2022-04-16 01:08:35
106	eu lacus. Quisque	75	489	sit amet massa.	cubilia Curae Phasellus ornare. Fusce mollis. Duis sit amet diam eu dolor egestas rhoncus. Proin nisl sem, consequat	8	53	2022-03-18 00:35:32
107	vulputate, nisi sem	69	814	amet ultricies sem	vitae erat vel pede blandit congue. In scelerisque scelerisque dui. Suspendisse ac	9192	2022-04-09 06:57:34
108	Phasellus at	96	628	Ut nec urna	odio vel est tempor bibendum. Donec felis orci, adipiscing non, luctus	9	14	2021-12-11 06:33:00
109	pretium neque. Morbi	55	917	sociis natoque penatibus et	ac metus vitae velit egestas lacinia. Sed congue, elit sed consequat auctor, nunc nulla	6	162	2022-03-10 12:40:42
110	quam. Curabitur vel lectus.	66	184	placerat. Cras dictum ultricies	in, cursus et, eros. Proin ultrices. Duis volutpat nunc sit amet metus. Aliquam erat volutpat. Nulla facilisis.	9	30	2021-10-12 18:37:06
111	tempus mauris erat	56	178	Aliquam rutrum lorem	elit, dictum eu, eleifend nec, malesuada ut, sem. Nulla interdum. Curabitur dictum. Phasellus in felis.	4	141	2022-10-30 20:02:07
112	cursus	71	346	est mauris, rhoncus id,	blandit at, nisi. Cum sociis natoque penatibus et magnis dis parturient montes, nascetur ridiculus mus.5125	2021-07-23 14:55:27
113	tortor	87	814	luctus ut, pellentesque eget,	Vestibulum accumsan neque et nunc. Quisque ornare tortor at risus. Nunc	5	166	2021-06-25 07:15:02
114	penatibus et magnis dis	64	347	Donec elementum, lorem ut aliquam	dolor egestas rhoncus. Proin nisl sem, consequat nec, mollis vitae, posuere at,	9	102	2022-03-18 01:02:06
115	iaculis nec, eleifend	97	513	nec ante. Maecenas mi	ante. Vivamus non lorem vitae odio sagittis semper. Nam tempor diam	10	96	2022-05-14 18:55:53
116	Nulla interdum. Curabitur dictum.	76	509	Vivamus rhoncus. Donec	mauris blandit mattis. Cras eget nisi dictum augue malesuada malesuada. Integer id magna et ipsum cursus vestibulum. Mauris magna.	6	3	2022-04-28 01:42:49
117	Duis elementum, dui quis	95	142	nisi. Mauris nulla. Integer	mollis lectus pede et risus. Quisque libero lacus, varius et, euismod et, commodo	9	53	2021-08-20 00:51:11
118	et magnis	86	643	pede nec ante	sed pede nec ante blandit viverra. Donec tempus, lorem fringilla ornare placerat, orci lacus vestibulum lorem,	7	9	2021-10-30 12:44:19
119	arcu. Vestibulum ante ipsum primis	56	282	ipsum sodales purus,	sem semper erat, in consectetuer ipsum nunc id enim. Curabitur massa. Vestibulum accumsan neque et nunc. Quisque	5	36	2022-07-29 07:15:16
120	interdum.	71	396	lobortis ultrices. Vivamus rhoncus.	eu dolor egestas rhoncus. Proin nisl sem, consequat nec, mollis vitae, posuere at, velit. Cras lorem lorem,	4	99	2021-12-01 08:06:59
121	aliquet nec, imperdiet nec, leo.	77	705	dis parturient montes, nascetur	vulputate ullamcorper magna. Sed eu eros. Nam consequat dolor vitae dolor. Donec fringilla. Donec feugiat metus sit	7	114	2022-01-13 23:25:47
122	Cras interdum. Nunc sollicitudin commodo	58	410	Aliquam gravida mauris ut	tempor diam dictum sapien. Aenean massa. Integer vitae nibh. Donec est mauris, rhoncus id,	8	160	2022-07-11 19:13:42
123	at fringilla	89	469	lacus. Aliquam rutrum	arcu. Nunc mauris. Morbi non sapien molestie orci tincidunt adipiscing. Mauris molestie pharetra nibh. Aliquam ornare, libero at	7	3	2021-11-18 03:33:42
124	commodo ipsum. Suspendisse	77	574	venenatis vel, faucibus id, libero.	elit pede, malesuada vel, venenatis vel, faucibus id, libero. Donec consectetuer mauris id sapien. Cras dolor	9	113	2022-01-21 12:55:54
125	at, velit. Cras lorem	86	342	Fusce dolor quam,	Fusce fermentum fermentum arcu. Vestibulum ante ipsum primis in faucibus orci luctus et1106	2021-07-05 01:06:47
126	aliquet molestie tellus. Aenean	93	281	vehicula. Pellentesque tincidunt tempus	convallis, ante lectus convallis est, vitae sodales nisi magna sed dui.	5	62	2022-01-28 18:22:08
127	purus	55	478	egestas a, scelerisque sed, sapien.	nonummy ipsum non arcu. Vivamus sit amet risus. Donec egestas. Aliquam nec enim.	6103	2021-11-10 06:08:31
128	Sed eu nibh	98	673	Nunc pulvinar arcu et	ipsum leo elementum sem, vitae aliquam eros turpis non enim. Mauris	8	111	2022-11-20 22:05:54
129	iaculis enim, sit	92	109	Ut tincidunt vehicula risus. Nulla	magna, malesuada vel, convallis in, cursus et, eros. Proin ultrices. Duis volutpat nunc sit amet metus. Aliquam	7	87	2023-02-18 18:42:57
130	posuere cubilia Curae Donec tincidunt.	80	463	non justo. Proin non massa	Nulla dignissim. Maecenas ornare egestas ligula. Nullam feugiat placerat velit. Quisque varius. Nam porttitor scelerisque neque. Nullam nisl. Maecenas malesuada	9	64	2023-01-06 09:38:27
131	Cras interdum.	63	189	natoque penatibus et magnis	lorem, vehicula et, rutrum eu, ultrices sit amet, risus. Donec nibh enim, gravida sit amet,	2	18	2023-03-03 08:16:42
132	quis, pede. Praesent eu	51	144	tortor. Integer aliquam adipiscing	iaculis quis, pede. Praesent eu dui. Cum sociis natoque penatibus et magnis	3	5	2021-06-16 09:47:54
133	Ut	91	198	ornare, facilisis eget,	ante. Vivamus non lorem vitae odio sagittis semper. Nam tempor diam dictum	8	112	2022-11-21 16:14:40
134	dictum augue	87	989	mus. Aenean eget magna.	vulputate ullamcorper magna. Sed eu eros. Nam consequat dolor vitae dolor. Donec fringilla. Donec	10	118	2022-05-07 00:42:34
135	tristique aliquet. Phasellus	88	625	vulputate eu, odio. Phasellus at	velit. Pellentesque ultricies dignissim lacus. Aliquam rutrum lorem ac risus. Morbi metus. Vivamus euismod urna. Nullam lobortis quam a	2	142	2023-02-21 03:47:38
136	amet ornare lectus	56	818	penatibus et magnis dis parturient	enim, gravida sit amet, dapibus id, blandit at, nisi. Cum	3	125	2023-01-10 20:02:21
137	sem mollis	66	331	sed dictum eleifend, nunc	tristique aliquet. Phasellus fermentum convallis ligula. Donec luctus aliquet odio. Etiam ligula tortor, dictum eu, placerat eget, venenatis a,	4	93	2022-04-12 06:16:06
138	arcu. Morbi sit	76	665	gravida non, sollicitudin	mi lorem, vehicula et, rutrum eu, ultrices sit amet, risus. Donec nibh enim,	5	142	2022-04-06 01:56:20
139	sit amet ultricies sem	88	906	et netus et	ligula consectetuer rhoncus. Nullam velit dui, semper et, lacinia vitae, sodales at, velit. Pellentesque	6	59	2023-04-25 16:11:09
140	at lacus.	62	317	purus ac tellus. Suspendisse	Donec nibh. Quisque nonummy ipsum non arcu. Vivamus sit amet	5	115	2023-05-03 07:29:09
141	mi. Aliquam	66	190	bibendum ullamcorper. Duis	ullamcorper, nisl arcu iaculis enim, sit amet ornare lectus justo eu	9	150	2023-01-08 20:04:52
142	Praesent interdum ligula	95	455	elit. Curabitur sed tortor. Integer	dui. Fusce aliquam, enim nec tempus scelerisque, lorem ipsum sodales purus, in molestie tortor nibh sit amet orci. Ut sagittis	5	171	2023-01-07 23:41:42
143	mi fringilla mi lacinia mattis.	71	197	Morbi metus. Vivamus euismod urna.	orci sem eget massa. Suspendisse eleifend. Cras sed leo. Cras vehicula	7	29	2022-08-04 03:20:51
144	metus. Vivamus	90	476	tortor, dictum eu, placerat	Duis volutpat nunc sit amet metus. Aliquam erat volutpat. Nulla facilisis. Suspendisse	83	2023-01-01 11:41:39
145	Cras vulputate velit eu	63	149	sed, sapien. Nunc pulvinar arcuarcu et pede. Nunc sed orci lobortis augue scelerisque mollis. Phasellus libero mauris, aliquam	1	154	2022-08-04 10:59:31
146	at, libero. Morbi	99	142	fringilla est. Mauris eu	nisl arcu iaculis enim, sit amet ornare lectus justo eu arcu. Morbi sit amet massa. Quisque	9	75	2022-12-20 18:27:40
147	Suspendisse tristique	82	776	venenatis lacus. Etiam bibendummagna. Cras convallis convallis dolor. Quisque tincidunt pede ac urna. Ut tincidunt vehicula risus. Nulla eget metus eu erat semper	8	146	2021-11-08 13:01:06
148	sollicitudin a,	87	982	nec urna suscipit	Curabitur ut odio vel est tempor bibendum. Donec felis orci, adipiscing non, luctus sit amet,	876	2022-05-20 01:24:00
149	semper	70	437	Integer sem elit, pharetra	elit pede, malesuada vel, venenatis vel, faucibus id, libero. Donec consectetuer mauris	4	197	2022-09-24 06:05:30
150	Sed et libero.	65	929	penatibus et magnis dis	parturient montes, nascetur ridiculus mus. Proin vel nisl. Quisque fringilla euismod enim. Etiam gravida	1	90	2022-07-01 00:52:22
151	eleifend non,	77	367	nonummy ultricies ornare, elit elit	et malesuada fames ac turpis egestas. Fusce aliquet magna a neque. Nullam ut nisi a odio semper cursus. Integer mollis.	3	78	2022-07-16 03:17:41
152	blandit. Nam nulla magna,	87	753	non, egestas a,	ut aliquam iaculis, lacus pede sagittis augue, eu tempor erat neque non quam. Pellentesque habitant morbi tristique senectus	6	145	2022-07-20 08:37:13
153	fames ac turpis egestas. Fusce	73	638	ipsum. Suspendisse non	molestie. Sed id risus quis diam luctus lobortis. Class aptent taciti sociosqu ad litora torquent per conubia nostra, per	5	91	2022-12-19 18:58:03
154	auctor ullamcorper, nisl arcu	96	680	et malesuada fames ac	scelerisque sed, sapien. Nunc pulvinar arcu et pede. Nunc sed orci lobortis augue9	41	2023-02-03 20:35:44
155	luctus	64	209	dapibus ligula. Aliquam erat	sit amet luctus vulputate, nisi sem semper erat, in consectetuer ipsum nunc id enim.	4	156	2021-12-05 13:09:25
156	et ultrices posuere	78	433	lacus. Cras interdum. Nunc sollicitudin	magna a tortor. Nunc commodo auctor velit. Aliquam nisl. Nulla eu neque pellentesque massa lobortis ultrices. Vivamus	3	113	2021-11-04 10:26:07
157	mus. Aenean eget	98	159	dis parturient montes, nasceturdolor. Nulla semper tellus id nunc interdum feugiat. Sed nec metus	4	72021-09-12 14:29:41
158	Duis mi	80	976	elit pede, malesuada	semper egestas, urna justo faucibus lectus, a sollicitudin orci sem eget massa.	1	15	2022-07-16 16:10:06
159	Integer mollis. Integer tincidunt	92	207	tincidunt, neque vitae	neque venenatis lacus. Etiam bibendum fermentum metus. Aenean sed pede nec	4	161	2022-02-02 12:46:16
160	Nullam vitae	90	912	elit. Aliquam auctor, velit	augue, eu tempor erat neque non quam. Pellentesque habitant morbi tristique senectus	5114	2022-06-30 15:09:54
161	sollicitudin orci sem eget massa.	97	307	pretium aliquet, metus	semper tellus id nunc interdum feugiat. Sed nec metus facilisis lorem	481	2021-07-04 08:58:03
162	enim, gravida	85	192	dolor vitae dolor. Donec	Vivamus euismod urna. Nullam lobortis quam a felis ullamcorper viverra. Maecenas iaculis aliquet diam. Sed	4	112	2022-07-28 05:23:41
163	tincidunt congue turpis. In	87	128	pulvinar arcu et pede.	vel nisl. Quisque fringilla euismod enim. Etiam gravida molestie arcu. Sed eu nibh vulputate mauris sagittis placerat. Cras dictum ultricies	5	188	2022-06-27 15:43:41
164	pede. Nunc sed orci lobortis	50	338	montes, nascetur ridiculus mus. Proin	ante dictum mi, ac mattis velit justo nec ante. Maecenas mi felis, adipiscing fringilla, porttitor vulputate, posuere vulputate, lacus. Cras	322	2021-08-28 23:08:17
165	dolor quam,	83	595	odio sagittis semper. Nam	sollicitudin adipiscing ligula. Aenean gravida nunc sed pede. Cum sociis natoque penatibus et magnis dis	9	103	2023-04-15 12:16:10
166	orci.	53	187	molestie tellus. Aenean egestas	leo, in lobortis tellus justo sit amet nulla. Donec non justo. Proin	10	148	2022-10-24 23:45:10
167	amet risus. Donec egestas.	86	525	non dui nec urna	imperdiet, erat nonummy ultricies ornare, elit elit fermentum risus, at fringilla purus mauris a nunc.	7	108	2022-11-16 10:46:51
168	arcu ac orci. Ut semper	60	563	non, vestibulum nec,	convallis in, cursus et, eros. Proin ultrices. Duis volutpat nunc sit amet metus. Aliquam erat volutpat. Nulla facilisis. Suspendisse	1	29	2021-11-26 23:34:07
169	nonummy ipsum non arcu.	58	433	sociis natoque penatibus et magnis	mattis velit justo nec ante. Maecenas mi felis, adipiscing fringilla, porttitor vulputate, posuere vulputate, lacus. Cras interdum. Nunc sollicitudin commodo	2	11	2021-08-09 21:30:27
170	magna tellus faucibus leo,	87	832	nec luctus felis purus ac	tellus. Phasellus elit pede, malesuada vel, venenatis vel, faucibus id, libero. Donec consectetuer mauris id	7	113	2022-05-19 02:27:31
171	dolor elit,	57	377	quis diam luctus	nunc sed pede. Cum sociis natoque penatibus et magnis dis parturient montes, nascetur	3	196	2022-10-31 20:11:29
172	Nullam enim.	74	266	luctus lobortis. Class aptent	tincidunt adipiscing. Mauris molestie pharetra nibh. Aliquam ornare, libero at auctor ullamcorper, nisl arcu	9	160	2023-01-26 10:12:44
173	Sed malesuada augue	89	981	Proin eget odio.	Mauris molestie pharetra nibh. Aliquam ornare, libero at auctor ullamcorper, nisl arcu iaculis enim, sit amet ornare	8	28	2022-05-07 00:19:25
174	leo	54	314	egestas. Aliquam nec enim.	blandit congue. In scelerisque scelerisque dui. Suspendisse ac metus vitae velit egestas lacinia. Sed congue, elit sed	3	83	2021-10-15 16:39:24
175	blandit. Nam nulla	52	762	Integer vulputate, risus	malesuada fringilla est. Mauris eu turpis. Nulla aliquet. Proin velit. Sed malesuada augue ut lacus. Nulla tincidunt, neque vitae	4	162	2022-06-23 13:16:16
176	sit amet, faucibus	58	971	nisi nibh lacinia	luctus lobortis. Class aptent taciti sociosqu ad litora torquent per conubia nostra, per inceptos hymenaeos. Mauris ut quam vel	9	193	2021-09-06 13:45:32
177	odio.	52	227	Nunc quis arcu vel quam	Donec non justo. Proin non massa non ante bibendum ullamcorper. Duis cursus, diam	9	11	2021-09-11 16:35:33
178	Nunc lectus pede, ultrices a,	88	231	ultrices posuere cubilia Curae	elit fermentum risus, at fringilla purus mauris a nunc. In at pede. Cras vulputate velit eu sem.	8	115	2023-04-09 07:01:38
179	feugiat. Lorem ipsum	75	926	adipiscing elit. Curabitur	bibendum fermentum metus. Aenean sed pede nec ante blandit viverra. Donec tempus, lorem fringilla ornare placerat, orci lacus vestibulum	4	168	2022-10-04 14:24:38
180	Nunc mauris sapien,	83	907	dignissim tempor arcu. Vestibulum ut	nisi. Mauris nulla. Integer urna. Vivamus molestie dapibus ligula. Aliquam erat volutpat. Nulla dignissim. Maecenas ornare egestas	9	129	2021-06-29 19:20:11
181	mauris sagittis placerat.	55	300	lorem ac risus.	ut odio vel est tempor bibendum. Donec felis orci, adipiscing non, luctus sit amet, faucibus ut,	7	171	2022-01-29 22:01:09
182	tempor	55	196	non, bibendum sed, est.	amet, faucibus ut, nulla. Cras eu tellus eu augue porttitor interdum. Sed auctor odio a purus.	3	67	2022-01-21 11:20:33
183	ipsum. Phasellus vitae	90	553	libero. Donec consectetuer mauris id	augue porttitor interdum. Sed auctor odio a purus. Duis elementum, dui quis accumsan convallis, ante lectus convallis est,	3	134	2022-08-28 21:24:13
184	eu lacus.	91	925	urna, nec luctus	elementum, dui quis accumsan convallis, ante lectus convallis est, vitae	10	20	2023-02-08 18:38:44
185	Donec feugiat	76	999	faucibus leo, in lobortis tellus	Donec elementum, lorem ut aliquam iaculis, lacus pede sagittis augue, eu tempor erat neque non quam. Pellentesque habitant morbi	1	186	2022-01-01 05:36:12
186	sodales purus, in	89	341	tellus justo sit	orci tincidunt adipiscing. Mauris molestie pharetra nibh. Aliquam ornare, libero at auctor ullamcorper,	1	167	2022-12-23 08:53:14
187	quis arcu vel quam dignissim	60	612	metus. In nec	Fusce dolor quam, elementum at, egestas a, scelerisque sed, sapien. Nunc pulvinar arcu et pede. Nunc	9	109	2021-09-06 17:16:04
188	vehicula. Pellentesque tincidunt	96	194	Aliquam vulputate ullamcorper magna.	placerat velit. Quisque varius. Nam porttitor scelerisque neque. Nullam nisl. Maecenas	8	146	2023-01-24 08:14:23
189	ut, pellentesque eget, dictum placerat,	86	141	lobortis ultrices. Vivamus rhoncus. Donec	erat, eget tincidunt dui augue eu tellus. Phasellus elit pede, malesuada vel, venenatis vel, faucibus id, libero.	2	98	2022-02-11 04:33:36
190	turpis nec mauris	74	514	congue, elit sed	sit amet risus. Donec egestas. Aliquam nec enim. Nunc ut erat. Sed nunc est, mollis	10	135	2021-07-09 04:58:23
191	magnis dis parturient	71	628	posuere vulputate, lacus.	scelerisque, lorem ipsum sodales purus, in molestie tortor nibh sit amet	7	172	2023-02-22 00:59:06
192	nec urna suscipit	63	709	Fusce aliquet magna	Integer in magna. Phasellus dolor elit, pellentesque a, facilisis non, bibendum sed, est. Nunc laoreet lectus quis massa. Mauris	6	196	2022-01-06 11:43:23
193	augue malesuada malesuada. Integer	86	481	Phasellus elit pede, malesuada vel,	lacus. Mauris non dui nec urna suscipit nonummy. Fusce fermentum fermentum arcu. Vestibulum ante ipsum primis in	4	86	2021-10-22 21:36:32
194	consectetuer, cursus	70	138	orci luctus et ultrices	Nulla dignissim. Maecenas ornare egestas ligula. Nullam feugiat placerat velit. Quisque varius. Nam porttitor scelerisque neque. Nullam nisl. Maecenas	6	138	2022-02-13 20:58:41
195	convallis,	56	741	Suspendisse eleifend. Cras sed	Integer vitae nibh. Donec est mauris, rhoncus id, mollis nec, cursus	7	49	2022-08-13 19:27:40
196	faucibus ut, nulla. Cras eu	93	942	mauris elit, dictum eu, eleifend	fermentum convallis ligula. Donec luctus aliquet odio. Etiam ligula tortor, dictum eu, placerat eget, venenatis a, magna. Lorem ipsum	5	102	2021-10-19 11:05:07
197	luctus vulputate,	80	616	risus. Donec nibh enim,	Aliquam ornare, libero at auctor ullamcorper, nisl arcu iaculis enim, sit amet ornare	3160	2021-11-23 15:52:16
198	accumsan sed, facilisis vitae, orci.	55	361	Maecenas iaculis aliquet diam.	pede ac urna. Ut tincidunt vehicula risus. Nulla eget metus eu erat semper rutrum. Fusce dolor quam, elementum	9	23	2021-12-16 00:14:16
199	nunc nulla vulputate dui,	64	193	dolor. Quisque tincidunt pede ac	ullamcorper, nisl arcu iaculis enim, sit amet ornare lectus justo eu arcu. Morbi sit amet massa. Quisque	5	92	2022-08-21 16:33:26
200	elementum sem, vitae aliquam eros	51	768	Suspendisse aliquet molestie tellus.	volutpat nunc sit amet metus. Aliquam erat volutpat. Nulla facilisis. Suspendisse commodo tincidunt nibh. Phasellus nulla. Integer vulputate,	6	63	2021-09-27 02:27:30
\.


--
-- Data for Name: messages; Type: TABLE DATA; Schema: public; Owner: user_1
--

COPY public.messages (id, sender_id, recipient_id, body, is_delivered, is_read, created_at) FROM stdin;
1	26	192	Aenean egestas hendrerit neque. In ornare sagittis felis.	f	f	2022-12-14 07:37:54
2	41	154	mi. Aliquam gravida mauris ut mi. Duis risus	t	t2022-02-19 10:39:57
3	53	102	dapibus gravida. Aliquam tincidunt, nunc ac mattis	tt	2023-01-27 14:09:19
4	64	124	enim. Etiam gravida molestie arcu.	f	t	2022-02-14 17:30:05
5	33	106	ullamcorper. Duis cursus, diam at pretium aliquet,	tf	2021-12-30 08:07:35
6	47	180	ac mattis velit justo nec ante. Maecenas mi felis,	ft	2021-09-27 05:02:02
7	60	124	pede. Cras vulputate velit	f	f	2022-08-04 12:32:09
8	23	132	nec, diam. Duis mi enim,	f	t	2021-07-13 23:02:21
9	18	176	libero est, congue a, aliquet	f	f	2023-02-16 23:36:30
10	48	136	Nunc quis arcu vel quam dignissim pharetra.	t	f2022-04-27 06:20:35
11	86	121	cursus in, hendrerit	t	t	2022-03-04 13:10:31
12	76	101	amet diam eu dolor egestas rhoncus.	f	t	2022-06-17 13:44:30
13	18	135	id nunc	t	t	2022-02-27 15:02:40
14	76	195	a tortor. Nunc commodo auctor	f	t	2021-12-06 01:43:43
15	60	157	adipiscing, enim	f	f	2021-11-19 05:08:48
16	34	188	arcu vel quam	f	t	2021-10-01 07:32:33
17	15	134	non, vestibulum nec, euismod in, dolor. Fusce feugiat. Lorem	f	t	2021-07-24 01:56:47
18	11	134	Nunc laoreet lectus quis massa. Mauris vestibulum, neque sed	f	t	2021-12-08 07:10:27
19	20	119	a mi fringilla mi lacinia mattis. Integer eu	t	f2022-08-13 12:10:03
20	96	119	amet ultricies sem magna nec quam. Curabitur vel lectus.f	f	2021-08-31 11:25:10
21	73	112	sem eget massa. Suspendisse eleifend. Cras sed leo.	ff	2022-01-25 14:05:34
22	58	117	id nunc interdum feugiat. Sed nec metus facilisis loremff	2022-01-19 19:45:46
23	57	105	mauris elit,	f	f	2022-05-01 03:37:01
24	6	136	commodo hendrerit. Donec porttitor tellus non magna.	ft	2021-10-31 20:44:43
25	45	138	eros.	t	f	2021-05-25 00:10:15
26	40	120	mauris. Suspendisse aliquet molestie tellus. Aenean egestas hendrerit neque.	t	f	2021-08-06 16:16:33
27	19	171	parturient montes, nascetur ridiculus	t	f	2023-02-02 13:00:01
28	62	105	netus et malesuada fames ac turpis egestas. Fusce aliquet	t	f	2022-05-25 22:51:09
29	82	182	mi felis,	f	f	2022-08-18 09:16:20
30	9	199	auctor non, feugiat nec, diam.	t	f	2023-03-17 06:54:27
31	81	127	laoreet, libero	t	t	2022-04-10 07:27:26
32	50	121	pede. Nunc sed orci lobortis augue scelerisque	f	t2021-07-01 21:26:28
33	5	132	enim. Etiam imperdiet dictum magna. Ut tincidunt orci quis lectus.	t	t	2022-03-27 17:54:11
34	51	147	magnis dis parturient	f	f	2022-08-16 10:15:57
35	67	154	feugiat non, lobortis quis, pede. Suspendisse dui. Fuscef	t	2022-12-17 12:06:00
36	77	116	sem molestie sodales. Mauris blandit	t	f	2022-03-02 08:50:29
37	71	184	mus. Donec dignissim	t	t	2021-12-28 10:57:27
38	29	149	eu sem. Pellentesque ut ipsum	t	f	2022-10-13 17:55:17
39	10	196	et risus. Quisque libero lacus, varius et, euismod	tf	2022-03-06 23:04:17
40	17	119	sapien molestie orci	f	t	2021-11-21 14:55:08
41	87	172	Vivamus sit amet	f	f	2023-03-16 02:36:42
42	79	198	sit amet ultricies sem	f	t	2023-02-26 03:14:31
43	25	178	sollicitudin commodo ipsum. Suspendisse non	f	f2022-01-29 05:55:24
44	50	159	aliquet odio. Etiam ligula	t	t	2022-05-19 19:05:57
45	50	181	risus. In	f	t	2023-03-13 09:31:34
46	40	125	hendrerit consectetuer, cursus et, magna.	t	t2022-02-14 21:58:15
47	25	146	luctus felis purus ac tellus. Suspendisse	t	t2022-07-26 07:43:21
48	99	183	Phasellus libero mauris,	t	t	2021-11-20 01:45:37
49	97	149	lectus,	f	f	2021-10-15 17:53:58
50	65	106	lacus. Quisque imperdiet,	f	t	2022-04-01 07:02:41
51	64	187	a, auctor non, feugiat nec, diam. Duis	f	t	2023-03-26 19:18:53
52	78	175	accumsan sed, facilisis	t	f	2022-04-20 02:08:34
53	89	117	orci lacus vestibulum	f	t	2021-07-13 21:55:11
54	62	175	sodales at, velit.	f	f	2021-07-12 22:22:38
55	5	132	est ac mattis	t	f	2022-10-22 16:16:39
56	63	180	tellus justo sit amet nulla. Donec non justo.	t	t2022-01-18 11:50:35
57	31	127	dui. Cum sociis	t	t	2021-06-06 15:25:15
58	44	198	erat volutpat. Nulla dignissim.	f	f	2022-11-08 06:50:14
59	9	141	nonummy. Fusce fermentum fermentum arcu.	f	t2022-11-25 03:00:43
60	89	193	Praesent luctus. Curabitur egestas nunc sed libero.	ft	2021-12-23 12:26:37
61	89	108	accumsan interdum libero dui	f	t	2022-08-21 00:41:22
62	24	105	enim commodo hendrerit. Donec porttitor tellus non magna. Nam	t	t	2022-10-16 23:31:38
63	39	110	lectus justo eu arcu. Morbi sit amet massa. Quisque	ft	2021-09-19 01:14:41
64	3	176	In tincidunt congue turpis. In condimentum. Donec at	tt	2022-08-14 22:18:49
65	49	156	Sed pharetra, felis eget varius ultrices, mauris ipsum porta	t	t	2022-04-07 17:44:20
66	98	125	In scelerisque scelerisque dui. Suspendisse ac metus	ff	2022-09-02 06:17:38
67	14	192	orci, adipiscing non, luctus sit amet,	t	f	2022-03-24 15:57:11
68	47	147	Donec dignissim magna	t	f	2022-07-21 15:58:31
69	29	194	dolor. Donec fringilla. Donec feugiat metus sit amet ante. Vivamus	f	t	2022-05-10 18:14:49
70	29	122	vel, faucibus id, libero. Donec consectetuer mauris id	tf	2022-10-26 22:03:58
71	83	110	non sapien molestie	t	t	2022-06-08 23:12:09
72	29	164	Phasellus dapibus quam quis diam. Pellentesque habitant morbi tristique	f	f	2023-05-12 04:25:51
73	18	139	Proin	f	f	2021-08-01 13:29:26
74	93	195	faucibus lectus, a sollicitudin orci	f	f	2023-01-23 10:37:32
75	90	135	vulputate velit eu sem. Pellentesque ut ipsum ac mi	tt	2022-01-07 17:18:19
76	93	156	dignissim. Maecenas ornare egestas ligula. Nullam feugiat placerat velit. Quisque	f	f	2021-10-16 23:56:59
77	26	134	eu tellus. Phasellus	f	t	2022-09-25 02:16:00
78	11	125	Nam tempor diam dictum sapien. Aenean massa. Integer	ff	2021-08-18 07:19:46
79	73	113	penatibus	t	t	2023-05-07 19:54:31
80	43	144	et netus et malesuada fames ac	t	t	2021-05-28 03:39:01
81	79	155	libero. Integer in magna.	t	f	2021-08-16 13:46:50
82	3	133	diam luctus lobortis. Class aptent	f	f	2023-03-29 22:36:26
83	95	121	mollis.	t	t	2021-09-17 10:09:41
84	72	186	risus a ultricies adipiscing, enim mi tempor	t	t2023-04-07 01:50:35
85	97	188	vel est tempor bibendum.	t	t	2022-10-29 18:02:03
86	9	193	tortor. Nunc commodo auctor velit. Aliquam nisl. Nulla	ft	2022-07-20 19:04:49
87	45	160	Lorem ipsum	t	t	2022-12-10 21:59:47
88	89	116	ante dictum mi, ac mattis velit justo nec	t	f2022-01-12 03:42:48
89	5	166	mauris id sapien. Cras dolor dolor, tempus non,	t	f2022-08-03 06:49:35
90	1	172	velit.	t	t	2022-12-08 01:37:34
91	88	191	tortor, dictum eu, placerat eget, venenatis a,	t	f2022-04-26 08:16:05
92	55	103	vel quam dignissim pharetra.	f	t	2022-02-27 09:17:58
93	20	136	Sed	t	f	2023-04-26 17:42:35
94	99	117	velit dui, semper et, lacinia vitae, sodales at,	tf	2022-10-17 16:00:34
95	57	130	gravida non,	f	f	2022-12-21 11:30:43
96	86	144	orci. Ut sagittis lobortis mauris. Suspendisse aliquet molestie	t	f	2022-07-12 09:02:57
97	2	163	non, luctus sit amet, faucibus ut,	t	t	2022-12-28 02:05:43
98	52	115	et ultrices posuere cubilia Curae Phasellus ornare. Fusce mollis.	t	f	2022-04-27 15:45:48
99	43	164	laoreet posuere, enim	f	t	2022-05-27 21:23:59
100	84	197	semper, dui lectus rutrum	t	t	2023-05-10 00:18:50
101	189	82	tellus id nunc interdum feugiat. Sed nec metus	f	f2022-11-11 08:47:29
102	141	30	eget magna. Suspendisse tristique neque venenatis lacus.t	t	2022-12-19 23:46:47
103	183	75	risus. Donec egestas. Duis ac arcu. Nunc mauris. Morbi	ft	2022-03-27 17:13:50
104	187	89	dui quis accumsan convallis, ante lectus convallis est,ff	2021-08-15 21:52:11
105	127	17	sit amet diam eu dolor egestas	f	f	2023-04-02 03:30:47
106	191	4	arcu eu odio tristique	f	f	2021-10-07 20:48:55
107	140	93	malesuada. Integer id	t	f	2022-06-11 03:55:48
108	155	96	blandit enim consequat purus. Maecenas	f	t	2022-02-22 18:01:18
109	112	99	Nullam velit	t	t	2023-04-28 10:38:45
110	170	27	Nam consequat dolor vitae dolor. Donec	f	f	2021-11-17 05:27:14
111	183	47	molestie dapibus	f	f	2022-09-08 03:39:11
112	168	16	morbi tristique senectus et	t	f	2022-08-21 11:39:53
113	161	27	a neque. Nullam ut nisi a odio semper cursus.	f	t2023-04-30 09:04:39
114	120	5	Pellentesque tincidunt tempus risus. Donec egestas. Duis ac arcu.	f	f	2021-12-04 21:42:50
115	175	15	purus, accumsan interdum libero	t	t	2022-11-20 17:46:09
116	190	95	vehicula aliquet libero. Integer in magna. Phasellus dolor	t	t	2022-02-17 23:33:30
117	189	60	feugiat nec, diam. Duis	f	f	2023-03-02 17:34:16
118	177	36	nulla. In tincidunt congue	t	f	2023-02-01 02:53:22
119	180	17	Cras eget nisi dictum augue	t	t	2021-10-22 13:44:26
120	134	26	ornare egestas ligula.	t	t	2023-02-19 08:54:49
121	149	8	ipsum sodales purus, in molestie tortor nibh sit amet orci.	t	f	2023-03-28 08:12:34
122	149	98	Sed malesuada augue ut lacus. Nulla	f	f	2021-10-10 15:08:23
123	171	92	at, egestas a, scelerisque sed, sapien. Nunc pulvinar arcu	t	t	2021-07-25 01:09:29
124	111	19	Sed congue, elit sed consequat auctor, nunc nulla vulputate	t	f	2023-01-23 18:01:36
125	128	69	Quisque varius. Nam porttitor scelerisque neque. Nullamtt	2022-04-25 08:05:32
126	194	6	ac mi eleifend	t	t	2023-02-26 14:39:51
127	131	50	Donec vitae erat vel pede blandit congue.	f	t2023-01-28 01:22:30
128	178	84	amet	t	t	2022-12-19 02:46:16
129	113	74	facilisis vitae, orci. Phasellus dapibus quam	t	t2021-09-07 14:55:15
130	111	72	sed consequat auctor, nunc nulla vulputate dui,	f	t2021-09-30 05:17:56
131	190	71	commodo auctor velit. Aliquam nisl. Nulla eu	f	t2021-07-13 09:58:35
132	181	58	odio. Nam interdum enim non nisi. Aenean	f	f2021-11-18 14:36:44
133	106	60	adipiscing ligula. Aenean gravida nunc sed pede.	tt	2022-08-07 22:01:42
134	155	59	nulla ante, iaculis nec, eleifend	t	f	2022-10-02 03:17:06
135	179	45	congue. In scelerisque scelerisque dui. Suspendisse ac metus	f	f	2022-08-18 08:34:28
136	123	57	aliquam adipiscing lacus. Ut	f	f	2022-03-28 21:14:34
137	112	66	mi eleifend	t	f	2022-06-06 14:09:08
138	106	83	tellus. Phasellus elit pede,	f	f	2023-01-21 23:19:00
139	163	80	velit egestas lacinia. Sed congue, elit sed consequat auctor,	t	t	2021-09-27 03:26:35
140	147	37	rutrum urna, nec	f	f	2023-05-17 10:26:38
141	187	92	scelerisque neque. Nullam nisl. Maecenas malesuada fringilla est. Mauris	t	t	2023-04-03 02:05:22
142	147	50	Maecenas iaculis aliquet diam. Sed diam lorem, auctor	ff	2021-11-24 06:50:48
143	172	76	gravida nunc sed pede.	f	t	2023-01-14 08:27:16
144	170	93	auctor, nunc nulla vulputate dui, nec tempus mauris	tf	2022-05-16 18:19:20
145	188	83	Duis dignissim tempor arcu. Vestibulum ut eros	t	f2022-12-30 17:27:41
146	114	100	adipiscing non, luctus sit amet, faucibus ut, nulla. Cras	t	f	2022-11-13 21:05:59
147	194	90	elit fermentum risus, at fringilla purus	t	t2023-02-08 09:57:30
148	157	37	libero. Donec consectetuer mauris id sapien. Cras dolor dolor,	t	t	2021-07-29 06:02:48
149	166	62	egestas. Fusce aliquet magna a neque. Nullam ut nisi	tf	2023-01-01 12:02:53
150	164	19	eu, placerat eget, venenatis a,	f	t	2022-08-07 18:14:35
151	172	43	turpis. Aliquam adipiscing lobortis risus. In mi	tt	2021-09-25 04:44:05
152	192	82	adipiscing fringilla, porttitor vulputate, posuere vulputate, lacus. Cras interdum.	t	f	2022-07-12 18:23:53
153	127	52	odio semper cursus. Integer mollis. Integer tincidunt aliquam arcu.	f	t	2022-06-29 20:21:35
154	126	42	non, sollicitudin a, malesuada id, erat. Etiam vestibulum massa	t	f	2021-06-20 01:05:49
155	168	35	odio semper cursus.	f	t	2022-06-12 03:26:02
156	114	11	senectus et netus et malesuada fames	f	t	2022-07-05 14:25:59
157	189	75	tempus non, lacinia at, iaculis quis, pede. Praesent eu dui.	f	t	2023-03-11 08:49:25
158	107	42	nulla. In tincidunt	f	t	2022-02-08 22:54:53
159	162	66	porta elit,	f	f	2022-03-14 02:31:30
160	132	3	a, dui. Cras pellentesque. Sed dictum.	f	t	2022-07-18 03:29:09
161	153	94	et, commodo at,	f	f	2021-08-26 14:02:19
162	171	6	tempor diam dictum sapien.	f	f	2021-11-13 09:40:28
163	109	98	gravida. Praesent eu nulla at sem molestie	t	f2021-11-08 20:15:09
164	155	6	Donec non	f	f	2022-09-30 04:40:34
165	174	73	Integer id magna et	t	t	2022-06-03 00:33:15
166	185	28	egestas. Sed pharetra, felis eget	f	t	2022-11-07 07:38:13
167	167	90	vulputate velit	f	f	2022-12-04 13:57:39
168	150	85	Etiam imperdiet dictum magna. Ut tincidunt	f	f2021-09-03 14:33:35
169	113	23	lorem ac risus. Morbi metus. Vivamus euismod urna.	tf	2023-03-13 23:29:11
170	158	64	metus. In nec orci. Donec	t	f	2023-03-12 06:22:03
171	112	60	erat eget ipsum. Suspendisse sagittis.	t	t	2022-12-15 08:19:57
172	161	44	tempor arcu. Vestibulum ut eros	f	t	2022-06-06 22:32:10
173	168	47	penatibus et magnis dis parturient montes, nascetur ridiculus mus.	t	t	2023-01-03 05:25:31
174	167	5	erat, eget tincidunt	f	t	2022-09-18 11:26:44
175	114	9	arcu. Nunc mauris. Morbi non sapien molestie orci	tf	2022-09-25 02:46:12
176	188	39	dis parturient montes, nascetur ridiculus mus. Donec dignissim magna	f	t	2022-10-22 14:33:23
177	114	13	Quisque porttitor eros nec tellus. Nunc lectus pede, ultrices	f	t	2022-05-14 14:35:38
178	129	66	Praesent luctus. Curabitur egestas nunc sed libero. Proin sed	f	f	2023-01-20 20:18:26
179	161	48	Morbi neque tellus,	f	t	2023-05-07 09:57:54
180	124	28	lectus pede et risus. Quisque libero lacus, varius et,	tt	2022-11-10 16:52:53
181	112	6	arcu. Morbi sit amet massa. Quisque porttitor eros	tf	2022-01-21 09:31:02
182	185	4	odio tristique pharetra.	f	t	2022-10-02 16:36:30
183	133	44	magna et ipsum cursus vestibulum. Mauris magna. Duis dignissim tempor	f	f	2021-07-07 14:46:05
184	120	64	eu tellus eu augue porttitor	t	t	2022-04-21 06:10:53
185	121	17	sapien. Aenean massa. Integer vitae nibh.	f	t2023-03-10 06:02:36
186	191	90	dolor, nonummy ac, feugiat	f	t	2023-05-10 16:35:49
187	184	87	molestie arcu.	t	t	2023-03-04 10:37:54
188	135	2	ultricies adipiscing,	f	f	2022-09-15 14:15:43
189	115	88	est ac facilisis facilisis, magna tellus faucibus	ft	2021-12-28 05:27:01
190	171	10	parturient montes, nascetur ridiculus mus. Donec dignissim magna a tortor.	f	f	2023-02-18 20:45:45
191	111	1	turpis egestas. Fusce	f	t	2023-05-12 19:29:34
192	147	70	tincidunt orci quis lectus. Nullam	t	t	2022-12-12 17:02:21
193	170	37	egestas ligula. Nullam feugiat placerat velit.	t	t2022-01-13 11:12:27
194	115	48	tincidunt orci quis lectus. Nullam suscipit, est	tf	2022-06-22 12:46:39
195	174	55	sem ut dolor dapibus gravida. Aliquam tincidunt, nunc ac mattis	t	t	2022-06-26 02:50:18
196	104	28	tincidunt orci quis lectus.	f	t	2021-08-13 07:34:17
197	153	85	nunc. In at pede.	f	t	2022-08-02 20:57:21
198	109	99	diam. Proin dolor.	f	f	2021-08-29 04:06:05
199	193	32	tellus faucibus	t	t	2022-09-10 22:33:03
200	149	9	Donec luctus aliquet odio. Etiam ligula tortor, dictum	tf	2023-04-06 19:42:04
\.


--
-- Data for Name: order_status; Type: TABLE DATA; Schema: public; Owner: user_1
--

COPY public.order_status (id, status) FROM stdin;
1	parturient montes,
2	bibendum
3	luctus et ultrices
4	aliquet. Phasellus
5	neque. Nullam
6	placerat. Cras dictum
\.


--
-- Data for Name: orders; Type: TABLE DATA; Schema: public; Owner: user_1
--

COPY public.orders (id, user_id, status_id, created_at) FROM stdin;
1	130	5	2022-06-19 17:56:21
2	197	4	2022-09-15 06:15:27
3	113	2	2022-11-13 06:41:17
4	135	5	2022-04-01 10:49:24
5	152	5	2022-11-14 01:01:38
6	186	5	2022-09-22 14:07:20
7	156	3	2021-12-18 09:55:25
8	135	4	2021-10-11 07:17:17
9	198	3	2022-11-11 22:19:35
10	164	6	2022-09-14 00:40:09
11	134	6	2021-07-03 17:33:54
12	184	3	2022-08-20 18:25:27
13	161	5	2022-12-16 16:42:14
14	150	2	2023-02-02 15:09:57
15	125	5	2022-06-12 11:28:19
16	196	5	2023-03-09 12:48:33
17	194	2	2023-02-08 01:43:54
18	147	4	2022-12-07 16:48:37
19	182	2	2022-01-20 11:00:41
20	138	2	2023-03-08 03:57:36
21	184	5	2022-02-12 07:26:47
22	121	1	2022-10-13 02:53:05
23	199	3	2022-08-06 05:30:36
24	197	1	2022-12-24 00:10:28
25	153	1	2023-02-08 00:39:50
26	121	2	2023-03-31 19:09:52
27	187	1	2022-02-01 17:13:24
28	103	6	2022-05-26 21:57:14
29	161	2	2022-01-25 01:24:15
30	129	1	2023-01-11 08:09:23
31	147	3	2021-12-22 08:53:12
32	189	4	2022-12-09 01:46:51
33	147	3	2023-02-25 02:23:42
34	186	3	2021-11-11 15:58:40
35	181	3	2021-06-08 15:51:52
36	199	3	2021-06-10 01:11:10
37	111	3	2021-07-05 21:38:41
38	116	3	2021-12-03 19:46:28
39	169	5	2021-12-29 20:41:16
40	133	5	2022-02-19 08:42:56
41	174	2	2021-08-10 19:07:28
42	116	2	2022-06-12 09:07:14
43	121	4	2021-10-11 02:09:07
44	123	4	2021-08-02 13:16:17
45	142	3	2021-10-02 01:21:41
46	110	6	2022-10-15 18:04:36
47	148	4	2021-09-05 23:16:00
48	199	5	2022-02-02 00:03:50
49	107	6	2023-03-01 01:45:15
50	188	1	2022-01-02 05:24:29
51	172	1	2021-08-26 15:21:36
52	159	6	2021-08-19 10:44:44
53	144	3	2022-11-02 19:56:43
54	198	5	2021-08-29 16:12:08
55	192	6	2021-12-21 21:22:36
56	102	2	2023-04-01 17:21:15
57	104	2	2022-12-01 23:21:27
58	155	2	2022-04-24 08:28:19
59	198	1	2022-03-23 20:36:18
60	138	5	2022-01-03 20:35:24
61	124	2	2023-02-07 08:20:50
62	183	5	2023-02-17 23:50:00
63	159	5	2022-06-02 17:08:50
64	174	4	2023-04-20 10:57:14
65	191	1	2022-10-20 19:37:22
66	119	5	2022-03-06 14:18:54
67	164	4	2022-04-25 18:37:36
68	127	4	2022-02-26 00:17:51
69	110	5	2022-04-30 16:51:17
70	182	3	2022-03-25 16:46:30
71	126	5	2022-06-23 23:59:36
72	131	3	2023-03-16 04:03:04
73	159	5	2022-04-04 21:18:27
74	189	6	2021-11-08 11:00:28
75	124	4	2021-07-12 12:33:01
76	170	5	2022-12-17 19:30:27
77	180	2	2022-04-22 21:25:37
78	140	5	2021-07-18 08:49:57
79	158	2	2022-03-18 13:48:05
80	154	6	2022-02-14 12:31:23
81	146	5	2023-03-13 11:36:38
82	109	1	2022-12-05 09:35:02
83	141	4	2022-02-22 23:17:39
84	153	4	2022-12-09 09:32:53
85	176	5	2022-06-23 00:18:45
86	134	3	2023-02-10 02:06:07
87	168	4	2023-02-21 15:41:35
88	148	6	2022-09-24 10:15:05
89	192	5	2022-01-22 17:18:25
90	197	1	2022-08-19 18:41:33
91	118	3	2023-05-04 20:20:47
92	161	5	2022-01-12 18:03:59
93	116	2	2021-07-04 22:53:14
94	198	3	2023-02-20 18:45:20
95	179	4	2021-06-21 07:58:48
96	178	3	2023-02-15 19:12:07
97	197	3	2021-09-07 14:22:31
98	165	5	2022-03-08 04:40:28
99	130	4	2022-10-08 21:38:39
100	107	5	2023-04-25 05:37:28
\.


--
-- Data for Name: photo; Type: TABLE DATA; Schema: public; Owner: user_1
--

COPY public.photo (id, url, good_id, size, uploaded_at) FROM stdin;
1	A45F3DBB-09A9-9551-63C0-4F9CD55CE797	3	976	2023-05-07 12:04:07
2	C8B314FC-4AB2-9AC9-716A-A6852BB389E7	146	1071	2023-03-08 02:27:36
3	91EF5ACD-4BD4-EF6E-CBD9-3C32F86703EB	25	1641	2022-02-24 04:50:58
4	E344626B-46B6-5D6B-9EA7-85A3CB9EC4F9	110	1654	2022-12-11 09:41:42
5	83A158F7-95C2-293A-53EA-6A24711286A9	81	611	2022-12-21 13:50:33
6	FFABD28C-38A6-61C2-2C1A-745BEF47CA45	157	1391	2021-11-18 00:57:50
7	8C5D8B7C-6DCB-8B46-1926-198E13EF7650	132	1338	2022-03-24 04:21:11
8	B27FBE34-0B7D-21C2-27BC-7B085B4C97B1	158	946	2021-06-08 20:01:11
9	37AC4CB2-35B4-E6F2-9951-00AE5D098312	158	783	2021-09-17 01:02:23
10	B1EAA0AC-8499-569D-4EC7-EE352E696326	69	983	2023-02-24 04:50:16
11	063CF22A-A769-30CF-7F51-D0CB1E12ED8C	2	1001	2022-08-24 10:40:27
12	F427A57A-8D5D-2BE1-E4E5-2B6ED285E15D	158	584	2022-01-05 12:01:01
13	D64EC43E-E811-3FE4-1EF9-1C5F124CAC53	73	1742	2022-12-14 22:39:10
14	8215E9A5-C3B3-54CD-7BB9-CB23D76CBCB5	82	690	2023-03-20 19:22:25
15	1B4B7F85-73FE-44EC-EE72-9296D01BE451	82	1732	2022-11-13 01:06:11
16	AB5ECD03-D728-CE73-C261-12BC3C574E9E	113	1044	2021-11-03 19:06:33
17	91537F94-1D3E-9C81-A4DE-345DA16E9471	129	1798	2023-01-03 08:37:13
18	FF64DD82-8313-028B-75DA-2EE955416EAE	155	979	2022-12-07 10:11:09
19	635D62DA-DAD7-18C9-421A-E44FC65D31B3	56	1010	2021-10-01 21:10:50
20	6AF75707-428C-AE8F-C3A3-413DDA17AA94	31	1998	2022-11-20 04:50:23
21	5F0D28EB-8377-7EC4-7072-A43EB9B5EDEA	99	1439	2023-02-06 13:31:25
22	02AEAB72-7625-D653-6D55-A89BA9942712	102	1552	2023-01-04 03:32:14
23	5BED41AE-31DB-EBED-565A-BAC5BA474953	71	914	2022-12-11 20:09:36
24	1AD37B43-8551-E78E-689D-A66EDF018B37	134	1476	2023-03-14 22:33:38
25	8752F36A-5943-A115-FBCA-8ABA217EADB9	47	1636	2022-09-06 13:55:55
26	07CB9B36-0B9B-69AD-E5E4-3B17361C2F08	114	1114	2022-02-22 05:12:40
27	AD90A796-AD85-4267-B17B-4691E1363B11	23	1557	2022-11-01 05:15:10
28	8CC4B3B6-5C74-6E31-8D33-11E757026919	94	1112	2022-12-29 00:41:47
29	D2B7EBC8-C9B2-A272-4467-2264BD126D52	152	1833	2022-09-18 16:00:55
30	334C2BEF-E7CA-4AE6-9910-713ABD15D73E	161	1464	2022-07-10 19:21:56
31	4A3C3513-3058-FC10-614A-889D6AE79AC5	23	1697	2022-04-22 12:39:38
32	82E7774D-F384-4A99-BBE7-8226ECBD559B	172	1001	2022-11-10 09:30:23
33	7BD74BD3-D2B6-D8D0-E4C3-CCB215C26C76	138	1240	2021-08-30 04:51:27
34	EAA120C6-4612-B38A-772B-CDAE391C1C66	66	1957	2023-01-22 11:57:24
35	8AA6C465-ACF2-B27A-725D-304B1EDEAA50	154	1153	2022-10-31 23:06:36
36	8A525629-0C75-D995-92EB-81BB6C3D6743	168	1189	2021-10-10 10:17:12
37	22AC7797-E591-0DAE-7EAB-ED9BA58AFDE6	126	1294	2021-08-21 23:31:06
38	1F7947A7-BF71-B2BC-23CA-E885B2BE2935	122	1247	2022-01-15 08:01:48
39	497520AD-D794-5DFA-7AEE-74B2BEEDF3E9	128	1591	2023-05-16 23:58:54
40	14B14C8C-2A4A-6AC1-8F93-16EC9DE62719	193	1241	2022-03-30 02:13:42
41	DD82C099-FE77-7E2C-310D-16AD0CE41E1E	125	549	2022-07-06 01:03:28
42	E73D33B3-AF0D-122B-CA57-56177097446B	157	1139	2023-03-22 15:53:39
43	4CA36541-AB54-0A48-DB75-6A489BA6A1E3	31	1467	2023-02-24 19:58:52
44	294818A8-7D16-28C9-09B4-9443805B474B	51	1336	2023-05-14 20:37:44
45	E6B199DE-B4C5-BB52-47DA-A922995766D2	191	829	2021-07-21 02:14:55
46	466E7B88-68B1-20D6-2BA3-699859E66C0B	75	606	2022-04-27 00:13:24
47	43AB2638-2CC5-82E4-378B-E9336F38B9CB	153	1655	2021-05-28 16:24:51
48	987A7879-69EC-F6BF-65CB-33F57CAAD0BC	93	796	2021-09-15 01:47:26
49	4B9256D6-7511-4395-96DB-BE0AD8993C67	195	1684	2021-11-07 03:21:39
50	3430D696-ED93-41A4-E7A1-1A2AE9833B5B	83	583	2021-06-17 12:38:24
51	8B246435-9915-A640-4CBA-DA9C75B9D931	99	926	2022-03-18 23:34:28
52	73599A12-9A94-C9C2-E819-431BBBE8B533	70	857	2021-12-10 06:40:39
53	A0A9F388-41AA-1685-4D0A-45EE38C8D614	196	1631	2022-06-12 17:07:47
54	2AA006B3-0E7A-8D22-4D92-C139C2747821	85	1695	2022-05-14 09:39:11
55	D84F3BC1-6C68-56C7-E854-56DFB26FA6AC	155	1832	2022-05-19 20:01:04
56	EA9EA481-3F30-3653-6999-6B27ACD5AE9D	27	1885	2022-06-18 14:39:21
57	5C78A3A9-AB36-3BB3-1E63-BB3190D7642A	116	1942	2022-11-28 19:21:25
58	333D976A-19E9-9E53-D6F0-C235CFE4282A	116	1621	2023-05-10 01:58:39
59	F249AEBF-8C59-1E57-DD78-A48DEDBF998C	36	1735	2023-02-07 05:03:12
60	B7023B5E-2636-A8FD-1DC7-1E7405534CC1	77	624	2022-06-13 18:29:43
61	D3DE33D4-E043-6AE9-65AB-0A9C7D389190	41	1329	2022-10-19 16:27:17
62	62895FA4-AF5D-CC8D-7114-491AADF67A3C	44	624	2023-03-25 20:24:20
63	504A3DC3-2E26-4B72-6F34-CCE8794295DC	130	1220	2022-10-14 10:55:52
64	734E99CB-1BF8-043C-252E-385BEB846666	102	1590	2022-02-27 12:42:24
65	85D974B8-D3A6-8539-D40E-91F985696621	110	874	2021-12-23 04:25:54
66	D85C58C4-AC45-CFF2-A4C3-68251FCD901B	166	1677	2022-12-30 00:17:08
67	BC733473-B2B4-413A-72D7-EE52C553CB31	44	693	2022-10-23 14:44:57
68	A18CDCEE-7EC3-D125-2AA9-7615885F3DE2	74	1172	2022-08-13 17:55:41
69	1C697FBD-2A08-468E-411B-B96ADA22D344	194	1557	2022-07-27 13:29:08
70	45DA2A89-275E-DA3E-9676-2CC7B50E5213	162	1866	2023-01-03 12:44:01
71	59A11D34-D296-41AC-AB54-98BB3938AA3D	156	1735	2022-02-07 15:43:49
72	8C577359-3837-52DD-AD63-ED202057C2B6	106	1587	2022-07-26 03:00:23
73	38A59B38-BE15-D82B-719D-65D0E9E221A0	35	1509	2022-08-06 09:08:38
74	665B9B05-1549-A5E9-5780-5E7AD2BC187D	169	1424	2022-07-10 05:12:54
75	E6EA5395-2854-EA50-5836-C46DCB8F39E5	136	691	2022-10-17 00:16:17
76	6DC85A95-6819-1360-910D-E51D562986DC	144	752	2021-10-18 12:39:24
77	EAF1B023-538D-9EB1-9A5C-D054414B3399	136	1284	2023-01-01 08:09:43
78	9D42BE86-374A-EA16-E834-91C51736519F	35	1067	2021-09-18 05:01:16
79	BEAEE089-2D40-C161-9BEE-95DE7D386E61	186	845	2021-11-03 11:52:46
80	418C8433-E805-8DAA-AE14-2E25BEEE1E6E	58	528	2021-10-03 19:27:39
81	351453EA-7C96-7D28-1D8C-3914845CA435	130	1868	2022-05-07 11:34:32
82	D5ED7ACA-C83E-DE7C-823D-44C8B8A06EF0	12	1994	2021-07-06 23:06:48
83	178ADBAC-D8A7-A864-D46F-8C1A3C2D0E2B	165	962	2022-12-10 08:35:08
84	C3D5D182-10D6-3E1B-2B9D-E966AE3C1465	173	1859	2022-09-07 02:11:00
85	3C17A872-3DBE-48ED-B131-455C1A784B79	33	1176	2022-05-27 08:49:56
86	CCAD6D14-C807-A824-BD4B-773CA89BC3CB	133	1444	2022-08-18 19:17:57
87	D71616A5-4AE9-9EBA-9736-8DDA31B4C7AA	3	1865	2022-07-07 22:14:39
88	DF11E293-586D-ACEC-658C-533A323A192B	54	947	2023-02-21 13:11:52
89	A5996E40-BA08-86C0-8E1B-4D90C5868A85	128	1713	2022-09-24 18:39:07
90	FF7741E6-A568-5780-E225-3B4DDE889C33	137	864	2021-08-27 00:55:31
91	2176233F-51BA-CDCD-721F-7950DD72246D	196	1252	2023-01-28 15:31:38
92	6D866EB6-2A66-65DC-6A34-3722AC89958A	6	1897	2023-03-21 07:22:10
93	1EE46146-3BE4-EE68-5329-0DEC2A4A52ED	104	510	2022-06-18 21:08:50
94	E43FE1C9-A27D-4A39-D8B5-56E91899AC4F	193	1930	2021-06-04 13:36:44
95	ACD054D1-8572-A5C7-0DE2-8B9161B5AA77	25	928	2022-04-13 22:14:11
96	576E25DF-2E7A-553D-8B97-C82DE294D4F6	161	920	2022-01-15 19:36:37
97	2849477D-C92A-38C2-69CD-AEA854B96DC3	18	1733	2022-01-09 05:12:33
98	91E4914A-FBDC-5A73-9DC9-9DA87D2C30AD	77	1298	2022-10-11 17:15:53
99	D7C807E6-E453-62B6-1CF1-856CAE1F1BD2	89	1947	2022-03-16 01:18:50
100	8A418B89-4EF2-5122-AF84-A4384759D3E1	132	626	2022-07-16 17:57:35
101	BEB61727-3401-4E59-907F-0436608CAEAF	33	593	2022-11-22 04:37:46
102	84626069-0ECA-A8D3-19CE-3E88EA8E7F99	91	1687	2022-07-28 21:02:59
103	B46A8764-CD0F-41BD-8CD5-8A2893A79BFE	143	668	2022-10-24 15:59:49
104	BC62712F-274D-0C85-5E26-7AE822BC83AA	62	1577	2022-09-12 14:13:17
105	111B364C-EAFB-A178-5E77-B2CFBA53A4CC	169	547	2022-06-20 11:46:29
106	BC6932D3-1B81-3D94-23D2-3EEEE1486282	46	1276	2023-02-05 04:38:50
107	4A2E0386-F83E-1062-BE8D-05A66208D613	199	1004	2022-09-10 05:20:34
108	A72C9F35-609B-5F1D-9A81-994F4D09E94C	158	1706	2021-11-01 15:27:32
109	D2E49648-7755-5C68-D5FA-81EEC9318FAB	117	1707	2022-11-11 22:18:52
110	66ACE17D-1986-E08A-8462-747294AC3717	19	912	2023-02-19 12:50:33
111	D4D49858-2428-344B-2763-C57B9969726C	56	1706	2021-12-15 05:34:12
112	DBFACAE5-AAFC-3B6B-D58C-91DB92AA0C52	189	1875	2021-07-08 23:28:18
113	1AEFBDC1-8149-EA41-D2CA-8284220B97B1	195	1113	2021-09-13 06:05:40
114	6C027892-4939-2BC4-473E-4256C3E76658	182	1624	2021-10-13 16:03:41
115	E2AD525A-62DB-22C1-54B6-C9916A9126D5	68	1625	2022-03-31 23:43:36
116	C2796182-C219-3314-69A7-988E561E6F7B	185	1290	2021-11-06 00:00:13
117	24C374E2-11DB-B83C-1FEF-35D71645F598	90	1966	2021-06-06 12:28:14
118	7BD9CE64-4BB2-4544-0480-9CE5C5D4D562	37	1668	2023-03-11 13:13:04
119	75B4DBD2-1E91-4B34-BB61-D13A810AE390	18	1602	2022-06-06 02:20:51
120	C0FCF798-E799-B3E5-C55E-DE66A41452C2	161	1639	2021-09-13 10:18:01
121	2A14B8A7-6BD3-DB38-24E6-FA45E21162C8	29	1312	2021-06-08 14:15:21
122	169E7372-6E16-CADB-7DD8-81DD63FF82B5	134	1687	2022-12-10 04:29:25
123	6E16CAC2-6C74-25D0-70D9-C9E8AFD4C1E7	10	1543	2022-01-04 15:13:50
124	651F3CCC-A54D-6E30-2E2D-A65479564960	74	1822	2022-09-12 11:56:24
125	C4978566-44EA-EF69-5B79-AE654CE27CE3	95	1575	2021-12-23 15:47:03
126	4B6149F1-B385-8032-8C92-7398573E7B67	83	1160	2023-01-12 11:48:33
127	A5EDEAA8-6594-9719-E853-6B535F970187	56	814	2022-12-20 14:55:06
128	997E721A-DC4D-3F5E-197A-FECA61D3587C	180	526	2022-01-03 07:24:55
129	BFA37960-B9E6-B43C-6C9F-A0E1C963BE36	28	1755	2023-04-29 04:53:50
130	5A1567AE-56C5-C6A3-59DE-15219532D42B	48	924	2022-10-09 08:02:22
131	C1952C22-15FA-7B3D-ADF8-7B09C248C3F8	74	1240	2021-09-30 00:19:23
132	5915E686-CFC2-0431-EAAD-2557C75406DC	34	1194	2022-11-18 00:18:29
133	76431CAC-EB4A-C64C-495D-63B5090DDF80	12	1726	2023-02-28 05:17:25
134	06CD6B63-C909-45DA-B3B6-C96ABF6254F5	160	1408	2022-05-17 13:36:52
135	D8F3C96C-1C91-E97F-9234-AF2AEBACB48A	170	864	2022-10-20 01:11:08
136	7F3FB0CC-C667-926D-17A2-A8E2DE997AD3	12	1917	2021-10-12 08:15:32
137	08887BE6-6A30-8A93-8467-8309145B0060	48	1480	2022-01-15 03:44:49
138	C95549EE-726F-3025-9738-963E8182E63E	13	1102	2022-03-06 06:39:53
139	280D2A54-F2D6-BA7E-166B-1DAE7B78D996	29	1755	2022-01-15 13:10:26
140	6E185F43-C738-FCB5-984B-C447D561AE52	60	1549	2023-01-29 19:49:34
141	E3097EEA-53E1-EA2A-931D-89200653DAD0	10	1274	2022-08-09 10:33:05
142	293E8874-E6CF-DEC6-6733-27D5013569DE	143	1705	2021-10-09 20:02:19
143	CA53E817-63C4-651E-71A3-A3EB31CE86B8	123	661	2022-04-29 13:53:33
144	79D034AA-722A-03A6-7A89-3FFE62DD5768	158	634	2023-02-12 20:35:58
145	91C7B3EA-6B6A-6118-9520-F2155BC73EF5	129	627	2023-04-06 16:23:18
146	27E46A6D-0C0D-CC1A-7709-8CC74E762C1C	37	662	2023-02-08 07:00:35
147	7874B6A3-6423-65FC-BA9E-A7A332444274	117	1651	2021-09-25 18:24:43
148	884332A8-511A-682D-BE6D-B3E59C6CA131	161	1819	2023-03-27 14:56:22
149	3C367603-2547-1219-6A79-8BA9B67A4C29	100	1439	2023-05-02 17:45:27
150	E19D3344-ADE1-1E73-7C3D-D6875BAD793D	2	647	2021-06-09 16:25:42
151	47346ADC-85DB-FDE9-C598-ED15342BD39B	196	1312	2021-08-23 05:17:06
152	65BE531F-8C99-57D3-2FB6-E1909C1E89B4	80	1912	2022-03-05 12:16:17
153	27C27613-CD78-AB8D-E248-2B8BD26A37AE	62	825	2022-06-29 07:14:41
154	EF819C9C-D9E8-5447-432E-9F16192121F9	95	1719	2021-08-03 03:26:04
155	614FA125-E914-334A-68F2-BFD5D4D5D889	82	626	2022-07-16 15:11:23
156	EEB324F1-8CBD-EB53-4917-AE633EB8ED93	46	648	2022-08-05 06:18:27
157	563D429E-F3CC-84E9-D081-665720452900	129	1739	2022-10-17 18:34:01
158	75F985F4-7E02-257B-DAEA-E84D6ABCB859	125	1239	2021-09-18 21:17:43
159	0C6AB22D-2555-28B6-AB63-F16CCB72CFFC	112	1892	2021-07-14 00:37:50
160	D4FBA75D-07A8-AD43-5332-1107107578EB	33	1175	2021-08-24 11:02:50
161	3DAFB41C-2267-EA3D-5A59-C04832261467	146	703	2022-03-02 06:35:39
162	428961F8-AA29-98EA-B349-B4095DBB566B	145	876	2021-08-11 22:45:16
163	143DB4FC-1B67-5D13-8E71-A0AB33505B18	92	975	2022-12-12 17:10:36
164	356505A1-F7D4-6B77-CCA7-9A33CD011555	66	1710	2022-11-06 22:28:20
165	A286D399-5199-6DFE-C4B0-B374A6DA4DA3	44	1677	2022-08-29 05:29:12
166	5D793899-3750-386B-A435-14242E21CB9E	136	802	2021-07-22 05:20:14
167	1EE90919-CF40-8596-33CA-385BBC8CF615	131	1127	2023-05-17 00:28:55
168	CCBC442C-D859-C3DC-8168-D057A4C670B9	125	1786	2022-10-29 11:41:05
169	2FC78B25-B3EC-AA17-FAAF-581E28804944	70	1448	2021-07-11 16:25:53
170	F4D728AD-FBEB-D3A6-53D9-FBA66D6C4AA1	113	1921	2023-01-11 19:30:00
171	0B8819CD-6637-71C3-43ED-78322164DD3E	138	1590	2021-09-08 18:08:47
172	2DA3D249-7579-497D-F5D7-31728B5CBE7C	75	1848	2022-01-31 22:31:45
173	AC715924-5252-1251-6956-D303C1561DC9	130	720	2022-07-04 16:02:15
174	3DFB2DCE-9956-9C29-EA95-7B96BD6D53B8	103	1872	2021-09-11 13:58:35
175	0A66014E-3E0F-640D-7847-556DF0BA1422	19	1153	2021-10-26 07:23:03
176	34E0D88D-93A9-A27C-7416-A8CC65542966	166	937	2022-10-06 10:06:58
177	89771B06-797A-6837-5442-2767A0C9E3B9	195	739	2022-08-09 11:29:06
178	29BCECE0-E317-789A-7788-82C36EECB947	107	1860	2022-06-02 23:28:33
179	FD1F72B9-DAED-F2FA-7B8B-9DC9B84890EC	49	1936	2023-02-03 01:43:03
180	B1927DA8-E3B3-CC99-773D-8A8E4730BE4C	146	1740	2023-01-12 03:56:02
181	5631643C-E892-369C-4552-2FCDCA6DDD1B	58	579	2021-06-29 10:19:48
182	D90B2301-6D15-F412-B3E1-2D24D12A036C	83	894	2023-02-26 20:16:57
183	5CEFB68C-8C1D-AE3F-D354-82724CDDC6FB	110	957	2022-03-27 06:33:17
184	5DD73175-56F6-ED67-619F-3828229433BE	31	1539	2023-05-12 09:27:19
185	1829AF76-2763-D952-B6C4-85CB586A245D	41	1836	2022-12-25 03:58:11
186	918C5D4E-ABEC-B7BA-17E6-EE7A95B826B6	143	1738	2022-10-06 04:11:26
187	9A8E42A5-7EA2-181C-C89D-C20A9DA8DAB1	13	955	2022-05-14 11:52:42
188	7A9468E5-EB82-EEC2-5123-A0C98724C9B1	126	1950	2022-09-27 02:26:49
189	DD64CC51-1403-AD52-D58F-56F478319585	68	1514	2021-10-18 00:25:17
190	E1CC0051-E8BC-6976-C965-33AAE69EEBC5	163	1120	2021-09-10 13:14:06
191	4D55B8DC-0E02-7A1E-99A9-92752B2A1965	51	1361	2021-12-02 16:47:26
192	28A63F29-3706-952E-93A6-DA984B41C6BB	131	1571	2021-07-18 02:25:28
193	83711598-A424-6453-324C-B087C3153CBF	5	923	2021-09-04 05:13:10
194	E597FCE9-48E3-9020-1BFC-31B04C4751B9	43	969	2022-06-13 22:29:32
195	B8CC148E-8A4D-8B6A-DB8A-D1471EC7538E	111	791	2022-10-21 07:07:36
196	11C9DDAD-CFBE-A98C-0D5A-4178B4714222	78	512	2022-07-12 11:47:12
197	36128C35-F5B4-AEF0-C9DA-7E38B6D8345E	117	800	2022-12-19 10:17:38
198	B8C0B8D4-D53C-120E-DEB5-8B7BE48E8CBA	34	523	2022-07-20 14:46:25
199	CA6DD813-43FC-7549-A08A-631130CC4D24	60	535	2022-01-14 03:07:40
200	1C64E65A-2A1C-9988-DC49-5A85A360D99F	46	916	2023-02-15 03:52:03
\.


--
-- Data for Name: shops; Type: TABLE DATA; Schema: public; Owner: user_1
--

COPY public.shops (id, name, description, photo_url, owner_id, created_at) FROM stdin;
1	Suspendisse aliquet,	neque pellentesque massa lobortis ultrices. Vivamus rhoncus. Donec est. Nunc ullamcorper, velit in aliquet lobortis, nisi nibh lacinia orci, consectetuer euismod est arcu ac orci. Ut semper pretium neque. Morbi	402EF3DA-A6A2-2B14-2428-DFDC749A6EC3	42	2021-12-03 08:00:09
2	scelerisque scelerisque	erat vitae risus. Duis a mi fringilla mi lacinia mattis. Integer eu lacus.	C212756C-8218-2788-7325-22735DAEFE41	91	2023-04-01 16:01:23
3	dictum cursus.	sed dictum eleifend, nunc risus varius orci, in consequat enim diam vel arcu. Curabitur ut odio vel est	FC536153-6B78-2853-6AF6-2A672ACDCEC5	15	2022-01-03 19:48:09
4	Donec tincidunt. Donec	elit. Nulla facilisi. Sed neque. Sed eget lacus. Mauris non dui nec urna	61711D16-38FB-B4D6-2C92-75C8DC3BDA56	12	2022-04-13 15:34:20
5	Sed pharetra,	vitae aliquam eros turpis non enim. Mauris quis turpis vitae purus gravida sagittis. Duis gravida. Praesent eu nulla at sem molestie sodales. Mauris blandit enim consequat purus. Maecenas	3348CE6D-DE54-4728-BE2D-AAF9E1471D17	76	2022-08-26 13:49:49
6	Nam porttitor scelerisque	sed pede. Cum sociis natoque penatibus et magnis dis parturient montes, nascetur ridiculus mus. Proin vel arcu eu odio tristique pharetra. Quisque ac libero nec ligula consectetuer rhoncus.	3CE2799A-3518-7788-CD84-C64D668E6405	28	2022-04-10 15:28:39
7	scelerisque	facilisis lorem tristique aliquet. Phasellus fermentum convallis ligula. Donec luctus aliquet odio. Etiam ligula tortor, dictum eu, placerat eget, venenatis a, magna. Lorem ipsum	68B4FEB1-8D58-8E8C-E643-1DA125B697E3	73	2022-10-08 11:37:54
8	risus. In	nunc sit amet metus. Aliquam erat volutpat. Nulla facilisis. Suspendisse commodo tincidunt nibh. Phasellus nulla. Integer vulputate, risus a ultricies adipiscing, enim mi tempor lorem, eget mollis lectus pede	B4470594-3794-1ACB-44A4-33A1A7F6A1C8	92	2021-09-03 11:02:11
9	sagittis. Nullam	vulputate, lacus. Cras interdum. Nunc sollicitudin commodo ipsum. Suspendisse non leo. Vivamus nibh	C4DC945A-58E1-DD58-56CC-DC3F2AE970B2	41	2021-08-26 08:06:13
10	adipiscing lacus.	luctus aliquet odio. Etiam ligula tortor, dictum eu, placerat eget, venenatis a, magna.	834B8BA4-DE1F-CF6D-9AEC-69D365C1B947	92023-01-29 15:09:47
11	facilisis,	Nunc laoreet lectus quis massa. Mauris vestibulum, neque sed dictum eleifend, nunc risus varius orci, in consequat enim diam vel arcu.	1DDBB258-53BD-6B9A-C93B-99E1CB86C426	15	2021-07-13 08:27:31
12	eget ipsum.	Aliquam rutrum lorem ac risus. Morbi metus. Vivamus euismod urna. Nullam lobortis quam a felis ullamcorper viverra. Maecenas iaculis aliquet diam. Sed diam lorem, auctor quis, tristique ac, eleifend	D44B1D7C-D365-7DE2-9F96-FB363FC130C9	91	2021-09-23 12:29:33
13	risus a	nonummy ac, feugiat non, lobortis quis, pede. Suspendisse dui. Fusce diam nunc, ullamcorper eu, euismod ac, fermentum vel, mauris. Integer sem	8599589B-AC9E-4E2C-693D-422671851E30	16	2023-04-03 23:25:49
14	lacinia orci,	Proin vel arcu eu odio tristique pharetra. Quisque ac libero nec ligula consectetuer	B53C1649-DE5C-64E1-41B4-C2323B764F67	76	2021-06-28 17:20:25
15	magna. Suspendisse	nec quam. Curabitur vel lectus. Cum sociis natoque penatibus et magnis dis parturient montes, nascetur ridiculus mus. Donec dignissim magna a tortor. Nunc commodo auctor velit. Aliquam	1F3EC393-2478-A905-8CE3-20268B61D384	7	2022-08-19 07:34:49
16	nonummy ac,	neque sed dictum eleifend, nunc risus varius orci, in consequat enim diam vel arcu. Curabitur ut odio	6A26658C-1844-B014-DB55-19DB2BF5E138	73	2023-02-05 04:16:07
17	eget laoreet posuere,	sociosqu ad litora torquent per conubia nostra, per inceptos hymenaeos. Mauris ut quam vel sapien imperdiet ornare. In faucibus. Morbi vehicula. Pellentesque tincidunt	7B7ED278-1185-B591-C2B6-DBA6A0BBDDEA	35	2021-07-26 11:03:26
18	dui.	est tempor bibendum. Donec felis orci, adipiscing non, luctus sit amet, faucibus ut, nulla. Cras eu tellus eu augue porttitor interdum. Sed	D4045D07-4C11-DADE-E12D-1316515F32DC	17	2022-07-05 03:08:53
19	dictum magna.	a odio semper cursus. Integer mollis. Integer tincidunt aliquam arcu. Aliquam ultrices iaculis odio. Nam interdum enim non nisi. Aenean eget metus. In nec orci. Donec nibh.	6A2F2A55-821C-13CD-3691-DE62B180794E	13	2021-11-10 13:50:23
20	Nunc ullamcorper,	risus. Quisque libero lacus, varius et, euismod et, commodo at, libero. Morbi accumsan laoreet ipsum. Curabitur consequat, lectus	A614427A-168E-3DB8-94C8-0974644D84C9	75	2022-02-26 03:59:30
21	a felis ullamcorper	metus sit amet ante. Vivamus non lorem vitae odio sagittis semper. Nam	ADA9D3C4-FBD4-4241-CA4C-D6D5BB0B5818	21	2022-12-04 13:13:25
22	tincidunt aliquam arcu.	velit. Aliquam nisl. Nulla eu neque pellentesque massa lobortis ultrices. Vivamus rhoncus. Donec est. Nunc ullamcorper, velit in aliquet lobortis, nisi nibh lacinia orci, consectetuer euismod est arcu ac	7A97D2B2-F4B7-C084-9C89-0D0BCEC208A4	91	2022-03-31 18:24:54
23	Vestibulum ante ipsum	magnis dis parturient montes, nascetur ridiculus mus. Proin vel nisl. Quisque fringilla euismod enim. Etiam gravida molestie arcu.	CB3B99A9-5168-4B89-1E08-A67689A7CD2E	80	2022-04-15 19:26:37
24	lobortis quis,	lobortis quam a felis ullamcorper viverra. Maecenas iaculis aliquet diam. Sed diam lorem, auctor quis, tristique ac, eleifend vitae, erat.	05842685-BCE4-9CF1-D1AC-872D630971A7	9	2022-08-07 22:13:38
25	nascetur ridiculus	dui. Fusce aliquam, enim nec tempus scelerisque, lorem ipsum sodales purus, in molestie tortor nibh sit amet orci. Ut sagittis lobortis mauris. Suspendisse	5A6B0B95-63CC-1885-B3E7-140C7725A64D	34	2021-06-03 13:59:49
26	enim. Etiam	tellus justo sit amet nulla. Donec non justo. Proin non massa non ante bibendum ullamcorper. Duis cursus, diam at pretium aliquet, metusB8E23AB6-37FC-4E44-D40C-18ED698EA4E8	75	2022-01-08 23:45:28
27	habitant	egestas nunc sed libero. Proin sed turpis nec mauris blandit mattis. Cras eget nisi dictum augue malesuada malesuada. Integer id magna et ipsum cursus vestibulum. Mauris magna. Duis	E8C0EAB1-B387-7DD3-26B6-D2601B6FE92D	47	2021-11-15 21:22:57
28	Sed eu nibh	egestas nunc sed libero. Proin sed turpis nec mauris blandit mattis. Cras	9C375271-1BBC-6763-4A38-BEF2A58D5C8E	97	2022-06-21 15:27:59
29	tempus, lorem	tristique neque venenatis lacus. Etiam bibendum fermentum metus. Aenean sed pede nec ante blandit viverra. Donec tempus, lorem fringilla ornare placerat, orci lacus vestibulum lorem,	AE342E7D-4478-79BC-44BA-7F4369E83024	54	2021-10-12 00:12:42
30	Nam	dis parturient montes, nascetur ridiculus mus. Aenean eget magna. Suspendisse tristique neque venenatis lacus. Etiam	218D5AEB-82F5-DFBC-5365-21B57F35566E	23	2022-04-14 05:03:59
31	elementum at,	nec enim. Nunc ut erat. Sed nunc est, mollis non, cursus non, egestas a, dui. Cras pellentesque. Sed dictum.	2D6DEAF2-D62D-0594-26C6-CD2137AAC9EE	59	2022-10-23 04:13:24
32	augue malesuada	nisl sem, consequat nec, mollis vitae, posuere at, velit. Cras lorem lorem,	D3227350-C8C0-D687-C62C-2E87625DB35A	36	2021-12-10 21:57:25
33	vitae erat	elit, pellentesque a, facilisis non, bibendum sed, est. Nunc laoreet lectus quis massa. Mauris	20A2620A-E3F8-99E2-5F97-B5381B80BACD	62022-05-02 19:35:35
34	Aenean	placerat, orci lacus vestibulum lorem, sit amet ultricies sem magna nec quam. Curabitur vel lectus.	EE8C4C37-598A-C1B2-5222-5E928EC14A46	34	2021-07-03 08:28:29
35	Quisque imperdiet, erat	sed, est. Nunc laoreet lectus quis massa. Mauris vestibulum, neque sed	2B9B7B95-D486-9396-677A-64D9E0ADAD98	38	2022-10-18 01:52:33
36	fringilla ornare placerat,	gravida molestie arcu. Sed eu nibh vulputate mauris sagittis placerat. Cras dictum ultricies ligula.	1485A9AD-6BF8-691E-8093-937B59B55BCE	46	2021-08-09 16:41:53
37	pede. Suspendisse	neque non quam. Pellentesque habitant morbi tristique senectus et netus et malesuada fames ac	6D93CE06-9785-D119-7A8B-0E677BBB694E	84	2022-01-15 21:44:35
38	Nunc	consequat purus. Maecenas libero est, congue a, aliquet vel, vulputate eu, odio. Phasellus at augue id ante dictum cursus.	3DB31613-D342-831B-65D7-2868413EE915	86	2023-04-12 09:20:03
39	rutrum. Fusce dolor	eu lacus. Quisque imperdiet, erat nonummy ultricies ornare, elit elit fermentum risus, at fringilla purus mauris a	1941A672-3D72-B892-45B5-129CEB87C95A	25	2022-04-28 05:13:43
40	Integer eu	Sed et libero. Proin mi. Aliquam gravida mauris ut mi. Duis risus odio, auctor vitae, aliquet nec, imperdiet nec,	5632E129-229D-CF30-4645-E9B24C2B8D22	68	2022-07-15 17:58:09
41	in faucibus orci	purus. Maecenas libero est, congue a, aliquet vel, vulputate eu, odio. Phasellus at	D5429F14-1B87-3A78-672C-46FE77FB4BDF	42	2022-01-14 07:29:35
42	turpis egestas.	gravida nunc sed pede. Cum sociis natoque penatibus et magnis dis	1D94A1C5-45A6-C966-E3E2-6C4A4B39A188	87	2022-07-27 18:43:56
43	a, auctor	eu erat semper rutrum. Fusce dolor quam, elementum at, egestas a,	8543E685-E667-8C79-0093-2E19741A232E	5	2021-07-07 07:21:09
44	porttitor interdum. Sed	fringilla cursus purus. Nullam scelerisque neque sed sem egestas blandit. Nam nulla	F460558E-73BA-A7A6-358C-8FC8B2923D2E	59	2021-11-28 08:15:53
45	Aenean gravida	egestas. Duis ac arcu. Nunc mauris. Morbi non sapien molestie orci tincidunt adipiscing. Mauris molestie pharetra nibh. Aliquam ornare, libero at	8A627B8E-D80C-813C-5C8B-0CB27023C227	8	2022-07-23 01:58:06
46	dui, semper	Etiam laoreet, libero et tristique pellentesque, tellus sem mollis dui, in sodales elit erat vitae risus. Duis a mi fringilla mi lacinia mattis. Integer eu lacus. Quisque imperdiet,	017A70B6-2AF4-32E2-62E5-A6A9746A48C0	27	2021-08-09 13:59:23
47	per conubia	morbi tristique senectus et netus et malesuada fames ac turpis egestas. Aliquam fringilla cursus purus. Nullam scelerisque neque sed sem egestas blandit. Nam	74F72697-9E43-178E-B11C-8295D35D17EE	46	2022-06-23 22:48:40
48	Donec non	sit amet, dapibus id, blandit at, nisi. Cum sociis natoque penatibus et magnis dis parturient montes, nascetur ridiculus mus. Proin vel nisl. Quisque fringilla euismod enim. Etiam gravida molestie	45152EEE-B93E-7219-FB73-A3B970279626	66	2022-11-18 02:58:19
49	lorem tristique aliquet.	arcu. Aliquam ultrices iaculis odio. Nam interdum enim non nisi. Aenean eget metus. In nec orci. Donec nibh. Quisque nonummy ipsum non arcu. Vivamus	4ADC6815-5790-348C-EAB5-75F12BD0E62F	41	2023-05-07 13:02:59
50	odio. Aliquam vulputate	enim. Suspendisse aliquet, sem ut cursus luctus, ipsum leo elementum sem, vitae aliquam eros turpis non enim.	E8314CC6-7C36-1228-D463-6A57955772CB	9	2022-06-18 04:42:12
51	eu	libero lacus, varius et, euismod et, commodo at, libero. Morbi accumsan laoreet ipsum. Curabitur consequat, lectus sit amet luctus vulputate, nisi sem semper erat, in consectetuer	79262A82-B349-1D88-CA19-B9877471A461	16	2022-09-07 23:03:36
52	feugiat nec,	magna. Nam ligula elit, pretium et, rutrum non, hendrerit id, ante. Nunc mauris sapien, cursus in, hendrerit consectetuer, cursus et, magna. Praesent interdum ligula eu enim. Etiam imperdiet dictum magna.	0ED4CD9B-81A7-42D2-8990-285C7CC7DDE7	44	2022-11-02 16:29:23
53	enim commodo	arcu. Curabitur ut odio vel est tempor bibendum. Donec felis orci, adipiscing non, luctus sit amet, faucibus ut, nulla.	97C48673-62BB-2CDE-7F8B-9988B9665890	58	2022-08-05 09:39:34
54	augue. Sed molestie.	magna. Duis dignissim tempor arcu. Vestibulum ut eros non enim commodo hendrerit. Donec porttitor tellus	1080CCE1-44D8-C64E-8B4A-FD2E5BDE0ABD	31	2022-03-04 14:30:27
55	iaculis	in lobortis tellus justo sit amet nulla. Donec non justo. Proin non massa non ante bibendum ullamcorper. Duis cursus, diam at pretium aliquet, metus urna convallis erat, eget tincidunt	3BB3E789-B5A3-238F-363D-815166675148	5	2021-10-28 13:42:54
56	at pede.	velit. Aliquam nisl. Nulla eu neque pellentesque massa lobortis ultrices. Vivamus rhoncus. Donec	89783771-9548-A73F-E163-36E261A1B224	13	2022-05-03 21:56:36
57	Mauris magna. Duis	purus mauris a nunc. In at pede. Cras vulputate velit eu sem. Pellentesque ut ipsum ac mi eleifend egestas. Sed pharetra, felis eget varius ultrices, mauris ipsum porta elit,	4CE994D3-CA6E-6CD1-A52D-5DE924E1E828	27	2021-12-03 02:53:05
58	enim mi	eget metus. In nec orci. Donec nibh. Quisque nonummy ipsum non arcu. Vivamus sit amet risus. Donec egestas. Aliquam nec enim. Nunc ut	7E9D486C-9014-7BBC-69EE-8649B55E5124	97	2022-09-24 08:02:41
59	Mauris	scelerisque sed, sapien. Nunc pulvinar arcu et pede. Nunc sed orci lobortis augue scelerisque mollis. Phasellus libero	4B977033-4ABE-D22D-AF57-B99E1E571B59	22	2022-06-10 01:38:03
60	massa. Quisque	ac, fermentum vel, mauris. Integer sem elit, pharetra ut, pharetra sed, hendrerit a, arcu. Sed et	8A1D759A-FE58-A31A-6D27-38C156D274B1	94	2022-08-24 04:43:23
61	est.	auctor quis, tristique ac, eleifend vitae, erat. Vivamus nisi. Mauris nulla. Integer	8DD5A1AE-39CD-C479-094B-D99BCBD6822E	63	2023-01-23 07:22:11
62	Class	egestas, urna justo faucibus lectus, a sollicitudin orci sem eget massa. Suspendisse eleifend. Cras	984DE465-1C6D-6813-9D5B-1A329684E2A3	61	2021-12-01 11:36:06
63	Cum	eget metus. In nec orci. Donec nibh. Quisque nonummy ipsum non arcu. Vivamus sit amet risus.	B3129BD7-B874-F555-DA7C-25EC1C4C5929	31	2022-02-18 19:16:25
64	nec, malesuada	lorem, eget mollis lectus pede et risus. Quisque libero lacus, varius et, euismod et, commodo at, libero. Morbi accumsan laoreet ipsum. Curabitur consequat, lectus sit amet luctus vulputate, nisi	8C732E24-A7A2-B7B8-9C87-5C313F6D6180	82	2022-01-05 12:06:45
65	Duis ac	Praesent luctus. Curabitur egestas nunc sed libero. Proin sed turpis nec mauris blandit mattis. Cras eget nisi dictum augue malesuada malesuada. Integer id magna et ipsum	99E477BC-F94A-54C9-8954-56355141F77A	39	2022-11-06 19:43:19
66	nulla magna, malesuada	sodales elit erat vitae risus. Duis a mi fringilla mi lacinia mattis. Integer	434175F7-35B1-40A5-3D46-813955592D6A	47	2021-08-15 06:23:47
67	neque vitae	urna. Nunc quis arcu vel quam dignissim pharetra. Nam ac nulla. In tincidunt congue turpis. In condimentum. Donec at arcu. Vestibulum ante ipsum primis in faucibus orci luctus	5B36CB2C-B2D1-BE15-76DA-8C28CC53D1D6	21	2023-05-07 17:39:52
68	amet, dapibus id,	in consectetuer ipsum nunc id enim. Curabitur massa. Vestibulum accumsan neque et nunc. Quisque ornare tortor at risus. Nunc ac sem ut	2782E6AA-A0D7-9C6E-0C78-54246499FB68	35	2023-05-13 15:38:51
69	iaculis, lacus	in faucibus orci luctus et ultrices posuere cubilia Curae Phasellus ornare. Fusce mollis. Duis sit amet diam	9A342D49-FBE3-3483-6A63-E25CDA964ED8	72	2023-05-01 12:26:36
70	vulputate,	sociosqu ad litora torquent per conubia nostra, per inceptos hymenaeos. Mauris ut quam vel sapien imperdiet	2C3DB878-CAD2-4488-9C67-554DDF1DE164	30	2021-07-06 21:49:22
71	Donec non	nunc id enim. Curabitur massa. Vestibulum accumsan neque et nunc. Quisque ornare tortor at risus. Nunc ac sem ut dolor dapibus	7446B2D2-720A-4151-E68B-3C2AB15CA4A0	43	2021-06-19 14:24:01
72	id, erat.	in consectetuer ipsum nunc id enim. Curabitur massa. Vestibulum accumsan neque et nunc. Quisque ornare tortor at risus. Nunc ac sem ut	35E93682-AE24-C7AE-6E03-1C4D78FE8D5B	67	2021-09-13 00:14:10
73	gravida. Praesent	at, egestas a, scelerisque sed, sapien. Nunc pulvinar arcu et pede. Nunc sed orci lobortis augue scelerisque mollis. Phasellus libero mauris,	188A6040-2910-BE82-93EA-2D899CB5654D	62	2022-06-17 18:01:35
74	Ut sagittis	sem egestas blandit. Nam nulla magna, malesuada vel, convallis in, cursus et, eros.	A1841D3D-D994-5233-51A8-5E9E89A955AC	21	2023-04-18 05:08:57
75	vel arcu	molestie in, tempus eu, ligula. Aenean euismod mauris eu elit. Nulla facilisi. Sed neque. Sed eget lacus. Mauris non dui nec urna suscipit nonummy.	26C8A203-05E1-8B63-5D6B-5DC8404B388C	59	2022-12-21 03:29:58
76	elit, pharetra	Cras pellentesque. Sed dictum. Proin eget odio. Aliquam vulputate ullamcorper magna. Sed eu eros. Nam consequat dolor vitae dolor. Donec fringilla. Donec feugiat metus sit amet ante.	9B2ACE73-4D24-7EA1-BE3E-458975CFAF17	15	2022-08-18 15:42:51
77	est, congue a,	conubia nostra, per inceptos hymenaeos. Mauris ut quam vel sapien imperdiet	ABF39792-3D09-DB9D-C8F7-CD6D76C24597	69	2022-02-07 01:20:28
78	eu arcu.	In lorem. Donec elementum, lorem ut aliquam iaculis, lacus pede sagittis augue, eu tempor erat neque non quam. Pellentesque habitant	51E83524-5645-B264-F85D-351A44C685DB	44	2021-11-03 20:09:05
79	amet	semper pretium neque. Morbi quis urna. Nunc quis arcu vel quam dignissim pharetra. Nam ac nulla. In tincidunt congue turpis. In condimentum. Donec at	6D381122-E2A7-DB8A-D46E-8142466FCF95	38	2023-04-09 11:42:36
80	montes, nascetur	nibh sit amet orci. Ut sagittis lobortis mauris. Suspendisse aliquet molestie tellus. Aenean egestas hendrerit neque. In ornare sagittis felis. Donec tempor, est ac mattis semper, dui lectus	2B3B8C88-0F28-119A-2989-4BF4531F145D	17	2022-11-23 16:22:10
81	in molestie	cursus vestibulum. Mauris magna. Duis dignissim tempor arcu. Vestibulum ut eros non enim commodo hendrerit. Donec porttitor	2ED236FE-393E-C82B-45EA-F2B56332F7AD	62	2021-10-27 18:06:29
82	ultricies ornare, elit	varius ultrices, mauris ipsum porta elit, a feugiat tellus lorem eu metus. In lorem. Donec elementum, lorem ut aliquam iaculis, lacus pede sagittis augue,	6EF12E30-C20B-C131-F154-6825646FE4C7	68	2022-10-26 22:12:40
83	rutrum non,	at risus. Nunc ac sem ut dolor dapibus gravida. Aliquam tincidunt, nunc ac mattis ornare, lectus ante dictum mi, ac mattis velit justo nec ante.	02A815DC-C9D8-9FB4-C8DE-E437C3594489	11	2022-06-12 04:29:53
84	volutpat	Mauris nulla. Integer urna. Vivamus molestie dapibus ligula. Aliquam erat volutpat. Nulla dignissim. Maecenas ornare egestas ligula. Nullam feugiat placerat	AB2C5362-C0EE-45CF-3776-8A9B1D27164C	12	2021-06-26 09:27:43
85	metus	et, lacinia vitae, sodales at, velit. Pellentesque ultricies dignissim lacus. Aliquam rutrum lorem ac risus. Morbi metus. Vivamus euismod urna. Nullam lobortis quam a felis ullamcorper viverra. Maecenas iaculis aliquet	B7CB15EA-B117-FF16-FB56-45B96FC0CF7D	69	2023-01-30 22:57:29
86	vulputate, posuere	et magnis dis parturient montes, nascetur ridiculus mus. Proin vel arcu eu odio tristique pharetra. Quisque ac libero nec ligula consectetuer rhoncus.	6278A326-B96C-E818-E5F5-9DD6C4415728	75	2022-02-21 18:52:22
87	lobortis augue	fringilla ornare placerat, orci lacus vestibulum lorem, sit amet ultricies sem magna nec quam. Curabitur vel	331E79A3-6B17-28A3-F935-4C93D4C6BBC6	9	2021-09-18 14:15:55
88	Mauris non dui	vitae velit egestas lacinia. Sed congue, elit sed consequat auctor, nunc	30882257-9A5B-59D6-1CEF-D6EBF623AE48	46	2021-09-23 23:40:02
89	Nunc	cursus non, egestas a, dui. Cras pellentesque. Sed dictum. Proin eget odio. Aliquam vulputate ullamcorper magna. Sed eu eros. Nam consequat dolor vitae dolor. Donec fringilla.	87ADC230-7A2A-1E5E-74B5-5D38917473DB	75	2022-02-18 22:34:21
90	interdum feugiat. Sed	dictum augue malesuada malesuada. Integer id magna et ipsum cursus vestibulum. Mauris magna. Duis	43ED16A7-ED4B-9C19-6291-7BB8523DAA07	58	2023-04-20 14:20:09
91	purus mauris a	Nulla interdum. Curabitur dictum. Phasellus in felis. Nulla tempor augue ac ipsum. Phasellus vitae mauris sit	8EA1A425-FD98-D4DA-6971-13EBEE164CEB	7	2021-09-26 07:39:11
92	porta elit,	gravida sagittis. Duis gravida. Praesent eu nulla at sem molestie sodales. Mauris blandit enim consequat purus. Maecenas libero est, congue a,	C456A881-1D0C-3918-6B69-3D5103C77A59	52	2021-09-01 20:12:38
93	ac ipsum.	justo eu arcu. Morbi sit amet massa. Quisque porttitor eros nec tellus. Nunc lectus pede, ultrices a, auctor non, feugiat nec, diam. Duis mi enim,	64EB2E81-3D05-59C5-9506-2055613BFDC2	81	2021-07-10 03:54:42
94	eu eros.	orci. Phasellus dapibus quam quis diam. Pellentesque habitant morbi tristique senectus et netus et malesuada fames ac turpis egestas. Fusce aliquet magna a neque.	ED983188-8F00-D611-FB9D-A61B78AE6698	20	2023-04-16 21:58:34
95	orci, consectetuer	eu, eleifend nec, malesuada ut, sem. Nulla interdum. Curabitur dictum. Phasellus in felis. Nulla tempor augue ac ipsum. Phasellus vitae mauris sit amet	3A81B633-3D63-8792-343C-6875A165ADC1	25	2021-12-28 12:50:24
96	congue. In	eleifend. Cras sed leo. Cras vehicula aliquet libero. Integer in magna. Phasellus dolor elit, pellentesque a, facilisis non, bibendum sed, est.	683BC98D-8B04-DEC9-8D5D-B9B224F44E53	41	2023-01-12 22:48:09
97	eget	parturient montes, nascetur ridiculus mus. Proin vel arcu eu odio tristique pharetra. Quisque ac libero nec ligula	A0A25888-D38B-EDCE-4DF2-935D84331DDB	80	2022-02-23 08:37:26
98	aliquet libero. Integer	mauris ipsum porta elit, a feugiat tellus lorem eu metus. In lorem. Donec elementum, lorem ut aliquam iaculis, lacus pede sagittis augue, eu tempor erat neque non	1F2EB1E8-54BE-E2C2-1E5D-9417EBD16E42	96	2021-08-10 11:45:15
99	rutrum	risus. Nulla eget metus eu erat semper rutrum. Fusce dolor quam, elementum at,	DA3902B4-45A5-B515-A81C-1CBB585370FD	26	2022-10-28 09:24:00
100	ligula consectetuer	lacinia. Sed congue, elit sed consequat auctor, nunc nulla vulputate dui, nec tempus mauris erat	C7F5D8A3-9685-BCE6-BC61-B3EA453D6C54	3	2023-03-19 19:05:11
101	lacus.	tellus. Suspendisse sed dolor. Fusce mi lorem, vehicula et, rutrum eu, ultrices sit amet, risus. Donec	8A32A413-6A5E-4AB1-1FCE-9EB15C91DB1A	92	2022-11-15 20:53:11
102	Pellentesque habitant	magna a neque. Nullam ut nisi a odio semper cursus. Integer mollis.	A21D80E1-A430-D358-80A7-DE5473937296	30	2022-09-11 05:39:08
103	Proin	libero. Proin mi. Aliquam gravida mauris ut mi. Duis risus odio, auctor vitae, aliquet nec, imperdiet nec, leo. Morbi neque tellus, imperdiet non,	E630E569-64C1-88E6-8FDB-47BE3E18143A	72	2022-09-09 03:25:51
104	libero. Proin mi.	nonummy. Fusce fermentum fermentum arcu. Vestibulum ante ipsum primis in faucibus orci luctus et ultrices posuere cubilia Curae Phasellus ornare. Fusce mollis. Duis sit amet diam eu	5865839D-3A3C-3F3C-86D6-7A8ED3C4B260	21	2023-03-17 22:13:10
105	magna et	urna. Ut tincidunt vehicula risus. Nulla eget metus eu erat semper rutrum. Fusce dolor quam, elementum at, egestas a, scelerisque sed, sapien. Nunc pulvinar arcu et pede. Nunc	7B9D7B88-86AA-3469-8DAE-15807928CE6E	45	2022-05-09 13:13:07
106	ornare. Fusce	augue porttitor interdum. Sed auctor odio a purus. Duis elementum, dui quis accumsan convallis, ante lectus convallis est, vitae sodalesA4C89AD8-AB5C-582C-799E-3556A7B51BAC	3	2021-11-16 20:58:01
107	dis parturient	enim. Curabitur massa. Vestibulum accumsan neque et nunc. Quisque ornare tortor at risus. Nunc ac sem ut dolor dapibus gravida. Aliquam tincidunt, nunc ac mattis ornare, lectus ante dictum	02795C5B-13D4-6062-82AD-E752E50EFE48	81	2023-05-14 14:33:59
108	Quisque imperdiet, erat	sapien, gravida non, sollicitudin a, malesuada id, erat. Etiam vestibulum massa rutrum magna. Cras convallis convallis dolor. Quisque	17084278-EDA3-4CAF-9293-5E87C5236D09	1	2022-07-01 07:52:50
109	in consectetuer	lorem vitae odio sagittis semper. Nam tempor diam dictum sapien. Aenean massa. Integer vitae nibh. Donec est mauris, rhoncus id, mollis nec, cursus	6E54D8B5-E577-C356-2B86-4DEAAF2B194C	99	2023-04-21 20:54:29
110	gravida sit amet,	eget, volutpat ornare, facilisis eget, ipsum. Donec sollicitudin adipiscing ligula. Aenean gravida nunc sed pede. Cum	A527444E-A962-68B3-165B-724830C948C6	48	2022-06-05 15:08:48
111	turpis. Aliquam	elementum sem, vitae aliquam eros turpis non enim. Mauris quis turpis vitae purus gravida sagittis. Duis gravida. Praesent eu nulla at	038799AE-9225-27F3-AB1F-AB38C4169A49	54	2022-03-31 21:05:58
112	pellentesque eget,	fames ac turpis egestas. Fusce aliquet magna a neque. Nullam ut nisi a odio	37D773A1-4A17-CD45-21EC-99A8C128260E	84	2021-08-10 22:40:10
113	et magnis dis	commodo at, libero. Morbi accumsan laoreet ipsum. Curabitur consequat, lectus sit amet luctus vulputate,	F4A11F02-4835-2583-110E-D73BDC32E062	12	2022-04-06 07:50:56
114	enim, gravida	In lorem. Donec elementum, lorem ut aliquam iaculis, lacus pede sagittis augue, eu tempor erat neque	1700D4CB-BDAA-E99D-2AE7-88F369B637A7	83	2021-07-10 20:36:51
115	Integer vulputate,	eu nibh vulputate mauris sagittis placerat. Cras dictum ultricies ligula. Nullam enim. Sed	E9D07D42-C7DE-2A44-9079-D854296F83A2	19	2021-08-21 05:20:02
116	amet, consectetuer adipiscing	luctus et ultrices posuere cubilia Curae Donec tincidunt. Donec vitae erat vel	5A844375-2345-C3F2-0558-E8EDBE961C75	38	2021-07-09 12:41:33
117	imperdiet,	Vivamus nisi. Mauris nulla. Integer urna. Vivamus molestie dapibus ligula. Aliquam erat volutpat. Nulla dignissim. Maecenas ornare egestas ligula. Nullam feugiat placerat velit.	CE5B7A03-45CB-8482-BCD4-D6320653CE5B	75	2021-08-08 10:39:57
118	eget varius	augue malesuada malesuada. Integer id magna et ipsum cursus vestibulum. Mauris magna. Duis dignissim tempor arcu.	97B26C3D-3365-83E4-2999-F04615A2D1BD	26	2021-07-13 11:13:27
119	ligula. Donec	malesuada. Integer id magna et ipsum cursus vestibulum. Mauris magna. Duis dignissim	1D70C3C1-66CA-DA76-E876-8E6B7A6BBFD1	92	2021-06-26 05:24:43
120	suscipit, est ac	tempus mauris erat eget ipsum. Suspendisse sagittis. Nullam vitae diam. Proin dolor. Nulla semper tellus id nunc interdum feugiat. Sed	3AD1B1C7-1CEA-9A6D-C3DF-D80611E9FE0B	26	2022-01-30 08:42:58
121	diam at	diam. Duis mi enim, condimentum eget, volutpat ornare, facilisis eget, ipsum. Donec sollicitudin adipiscing ligula. Aenean gravida nunc sed pede. Cum	5D24E226-14F9-32A8-9CA1-B550E7D7E56C	85	2021-06-28 20:21:48
122	facilisis	at sem molestie sodales. Mauris blandit enim consequat purus. Maecenas libero est, congue a, aliquet vel, vulputate eu, odio. Phasellus at augue id ante dictum cursus.	215C6ADE-EEA7-4110-730D-ECCEE3265A19	33	2021-09-10 15:38:14
123	Sed congue,	a ultricies adipiscing, enim mi tempor lorem, eget mollis lectus pede et risus. Quisque libero lacus, varius et, euismod et, commodo at, libero. Morbi accumsan	74DAAB6C-5557-71CE-7C4F-CEFC7880D84F	58	2021-06-03 02:07:42
124	magna. Suspendisse	Aliquam rutrum lorem ac risus. Morbi metus. Vivamus euismod urna. Nullam lobortis quam a felis ullamcorper viverra. Maecenas iaculis aliquet diam. Sed diam lorem, auctor quis, tristique ac, eleifend	43C60E6F-1364-4735-EE5D-338CC5723EA9	74	2022-03-31 00:38:56
125	purus ac	ac mattis velit justo nec ante. Maecenas mi felis, adipiscing fringilla, porttitor vulputate, posuere vulputate, lacus. Cras interdum. Nunc sollicitudin commodo ipsum. Suspendisse non leo. Vivamus	D1A58592-6747-4E25-E9C8-DDA1909E7CD5	63	2022-11-28 06:29:29
126	ac mattis	ipsum primis in faucibus orci luctus et ultrices posuere cubilia Curae Phasellus ornare. Fusce mollis. Duis sit amet diam eu	2225019B-D8C7-15FB-FF46-49F3EA3594D1	3	2021-06-27 19:43:09
127	dui.	urna suscipit nonummy. Fusce fermentum fermentum arcu. Vestibulum ante ipsum primis in faucibus orci luctus et ultrices posuere cubilia Curae Phasellus ornare. Fusce mollis. Duis sit amet diam	E999A3F7-1420-5EBC-2E6C-D60329861BFB	96	2021-09-22 14:43:47
128	eget	ac mattis ornare, lectus ante dictum mi, ac mattis velit justo nec ante. Maecenas mi felis, adipiscing fringilla, porttitor vulputate,	85CCC189-7C76-845D-8062-9526D80FB8D3	15	2021-07-04 06:19:45
129	dictum mi,	velit egestas lacinia. Sed congue, elit sed consequat auctor, nunc nulla vulputate dui, nec tempus mauris erat eget ipsum. Suspendisse sagittis. Nullam vitae diam. Proin dolor. Nulla semper tellus id	633C8B61-9C00-858D-CA4D-6605E1B27B3A	18	2022-04-03 17:12:32
130	malesuada ut,	dolor vitae dolor. Donec fringilla. Donec feugiat metus sit amet ante. Vivamus non lorem vitae odio sagittis semper. Nam tempor diam dictum sapien. Aenean massa. Integer vitae nibh.	EA3E14EC-237E-212A-BA20-50122F999BCF	93	2021-10-06 21:44:47
131	quis urna.	consectetuer adipiscing elit. Curabitur sed tortor. Integer aliquam adipiscing lacus. Ut nec urna et arcu	D5E248CB-3D93-4326-7448-66B1D690A94E	78	2022-05-03 10:29:53
132	Donec dignissim	Vivamus sit amet risus. Donec egestas. Aliquam nec enim. Nunc ut erat. Sed nunc est, mollis non, cursus non, egestas a, dui. Cras	12A6BDDA-D63E-3467-6A4A-BE244F613451	23	2022-06-01 17:59:20
133	eu tellus	Integer id magna et ipsum cursus vestibulum. Mauris magna. Duis dignissim tempor arcu. Vestibulum ut eros non enim commodo hendrerit. Donec porttitor tellus non magna. Nam	D6131686-95E0-F429-1882-E134D6A2B77A	42	2022-01-30 23:47:01
134	pharetra.	quis lectus. Nullam suscipit, est ac facilisis facilisis, magna tellus faucibus leo, in lobortis tellus justo sit amet nulla. Donec non1E8E719B-7D7F-4774-94C4-E14792DBDAE9	84	2022-06-01 15:19:22
135	at pretium aliquet,	Quisque purus sapien, gravida non, sollicitudin a, malesuada id, erat. Etiam vestibulum massa rutrum magna. Cras convallis convallis dolor. Quisque tincidunt pede ac	204E2E05-F6E8-97BD-5C89-ABD643F772A9	16	2022-10-12 07:14:15
136	vitae,	eros. Nam consequat dolor vitae dolor. Donec fringilla. Donec feugiat metus sit amet ante. Vivamus non lorem vitae odio sagittis semper.	EFCCB7D8-A3BC-FD47-2C97-DEAB9B25D372	58	2023-05-11 10:49:54
137	ipsum	nibh lacinia orci, consectetuer euismod est arcu ac orci. Ut semper pretium neque. Morbi quis urna. Nunc quis arcu vel quam	86C87D34-BE4A-51C3-2C8B-E7A2821FC662	61	2021-09-08 10:07:05
138	metus.	montes, nascetur ridiculus mus. Proin vel arcu eu odio tristique pharetra. Quisque ac libero nec ligula consectetuer rhoncus. Nullam velit dui, semper et, lacinia vitae, sodales	8335961E-6CF0-5C7E-B685-2EC6FEB2F6D1	96	2022-01-13 13:15:35
139	tellus. Suspendisse	ut dolor dapibus gravida. Aliquam tincidunt, nunc ac mattis ornare, lectus ante dictum mi, ac mattis velit justo nec ante. Maecenas	A9EE2CDB-8E86-EA2F-C7EB-B63EEC84F9D7	40	2023-01-02 22:00:52
140	ultrices	volutpat nunc sit amet metus. Aliquam erat volutpat. Nulla facilisis. Suspendisse commodo tincidunt nibh. Phasellus nulla. Integer vulputate, risus a ultricies adipiscing, enim mi tempor	0D13FA9C-4A76-745C-B5F8-0D9D3442B3E7	16	2023-02-15 02:03:14
141	dis parturient	erat. Sed nunc est, mollis non, cursus non, egestas a, dui. Cras pellentesque.	B74D177E-757A-A419-69A1-DA1A1DC2B6E5	62	2022-06-26 21:08:46
142	consectetuer adipiscing elit.	tellus. Nunc lectus pede, ultrices a, auctor non, feugiat nec, diam. Duis mi enim, condimentum eget, volutpat ornare, facilisis eget, ipsum. Donec sollicitudin adipiscing ligula.	7F6C286B-0869-D5ED-E872-69B084765C05	47	2022-05-01 13:11:59
143	ullamcorper. Duis	purus. Maecenas libero est, congue a, aliquet vel, vulputate eu, odio. Phasellus at augue id ante dictum cursus. Nunc mauris elit,	F9CF789D-3AE3-30EC-8C8B-2952A006E29B	22	2022-11-28 09:16:58
144	aliquet odio. Etiam	neque. Nullam nisl. Maecenas malesuada fringilla est. Mauris eu turpis. Nulla aliquet. Proin velit. Sed malesuada augue ut lacus. Nulla tincidunt, neque vitae semper egestas, urna justo	5ED829E3-B299-41A0-B4E2-0AC2A269A794	79	2021-09-25 16:35:41
145	diam luctus	Suspendisse dui. Fusce diam nunc, ullamcorper eu, euismod ac, fermentum vel, mauris. Integer sem elit, pharetra ut, pharetra sed, hendrerit a, arcu. Sed et libero. Proin mi. Aliquam	4AC721F4-1AAD-3955-BA21-76742BAA69AC	95	2021-06-11 12:52:24
146	et	morbi tristique senectus et netus et malesuada fames ac turpis egestas. Fusce aliquet magna a neque. Nullam ut nisi a odio semper cursus.	3DB5E328-38EC-212A-E972-45C12AEC9D82	36	2022-11-29 05:31:05
147	lacus. Nulla	risus, at fringilla purus mauris a nunc. In at pede. Cras vulputate velit eu sem. Pellentesque ut ipsum ac mi eleifend egestas.	475393E9-9CF2-9602-3A97-E5EF9DBA9DC4	69	2021-09-18 07:48:37
148	dapibus id,	dui. Fusce aliquam, enim nec tempus scelerisque, lorem ipsum sodales purus, in molestie tortor nibh sit amet orci. Ut sagittis	E4B59D93-8376-A6A3-FC68-2E47644DD509	2	2022-10-14 14:34:09
149	Cras vulputate	cursus et, eros. Proin ultrices. Duis volutpat nunc sit amet metus. Aliquam erat volutpat.	E757FE0D-7AAA-5E63-A158-B347B6674AB2	35	2022-06-03 11:19:19
150	purus gravida sagittis.	sed libero. Proin sed turpis nec mauris blandit mattis. Cras eget	2F21DE74-A885-9E91-3E49-2638A19577E7	76	2022-02-20 21:06:27
151	habitant morbi	Vestibulum ante ipsum primis in faucibus orci luctus et ultrices posuere cubilia Curae Phasellus ornare. Fusce mollis. Duis sit amet diam eu dolor egestas rhoncus. Proin nisl sem,	D8ED6667-69D9-460B-8FCA-823484AE77C3	51	2022-03-28 21:31:11
152	placerat, augue. Sed	Lorem ipsum dolor sit amet, consectetuer adipiscing elit. Curabitur sed tortor. Integer aliquam adipiscing lacus. Ut nec urna et arcu imperdiet	92D0022B-2304-7590-129C-B20E63475665	7	2022-09-27 06:50:25
153	sit amet,	penatibus et magnis dis parturient montes, nascetur ridiculus mus. Aenean eget magna. Suspendisse tristique neque venenatis lacus. Etiam bibendum fermentum metus.	69A96A70-E25A-3AB3-D700-51F4D96288A0	15	2021-07-29 15:10:31
154	non	mauris. Morbi non sapien molestie orci tincidunt adipiscing. Mauris molestie pharetra nibh. Aliquam ornare, libero at auctor ullamcorper, nisl arcu iaculis	50B93D28-D97A-E43F-56A5-541E66EC49E1	96	2022-11-12 14:41:14
155	aliquet vel,	Vestibulum ante ipsum primis in faucibus orci luctus et ultrices posuere cubilia Curae Phasellus ornare. Fusce mollis. Duis sit	BB3C3373-B262-11D8-DDEB-B7E4DC39953A	86	2022-08-31 18:44:57
156	nulla.	cursus vestibulum. Mauris magna. Duis dignissim tempor arcu. Vestibulum ut eros non enim commodo hendrerit. Donec porttitor	9B4A6980-34A0-CF4C-BE1C-2752D388A7CA	16	2022-08-03 17:21:39
157	eget ipsum. Suspendisse	ipsum nunc id enim. Curabitur massa. Vestibulum accumsan neque et nunc. Quisque ornare tortor at risus. Nunc ac sem ut dolor dapibus gravida.	63AE51EF-6689-D247-915F-FB7A3ED69C68	28	2022-04-30 05:12:12
158	parturient montes,	tortor, dictum eu, placerat eget, venenatis a, magna. Lorem ipsum dolor sit amet, consectetuer adipiscing elit. Etiam laoreet, libero et tristique pellentesque, tellus sem mollis dui, in sodales	1F21B36D-9B11-E3E4-1EE7-3A73668A43AE	68	2022-06-04 07:34:15
159	arcu. Vivamus	eu tempor erat neque non quam. Pellentesque habitant morbi tristique senectus et netus et malesuada fames ac turpis egestas. Aliquam fringilla cursus	24BA0973-4264-2B19-CCDE-44CBAA852C76	78	2022-12-01 20:53:37
160	hendrerit consectetuer, cursus	nisl. Nulla eu neque pellentesque massa lobortis ultrices. Vivamus rhoncus. Donec est. Nunc ullamcorper, velit in aliquet lobortis, nisi nibh lacinia orci,	3A6E9264-9A3E-A9D1-8CF3-CD413D8CA139	38	2022-01-05 19:54:31
161	Proin velit.	pellentesque. Sed dictum. Proin eget odio. Aliquam vulputate ullamcorper magna. Sed eu eros. Nam consequat dolor vitae dolor. Donec fringilla. Donec feugiat metus sit amet ante. Vivamus non lorem vitae	85D97698-943D-C973-7C19-E874EAD7EBA6	25	2021-06-06 20:15:07
162	fringilla ornare	et, eros. Proin ultrices. Duis volutpat nunc sit amet metus. Aliquam erat volutpat. Nulla facilisis. Suspendisse commodo tincidunt nibh. Phasellus nulla. Integer vulputate,	2C4BBF97-78FA-CABE-BE3C-3454C65B6ADD	71	2022-05-03 04:26:59
163	a,	gravida sit amet, dapibus id, blandit at, nisi. Cum sociis natoque penatibus et magnis dis parturient montes, nascetur	A2B834AC-C2DB-4180-0995-8A20CF98C386	95	2022-03-13 04:13:00
164	turpis.	pulvinar arcu et pede. Nunc sed orci lobortis augue scelerisque3BED931D-6511-7ADD-610C-3AC546521F34	95	2022-07-23 21:44:47
165	egestas. Aliquam nec	fringilla mi lacinia mattis. Integer eu lacus. Quisque imperdiet, erat nonummy ultricies ornare, elit elit fermentum risus, at fringilla purus mauris a nunc. In at pede. Cras	073D5ED3-3906-742D-01A7-FFA37C89D62F	97	2022-04-20 04:54:37
166	vestibulum lorem,	aliquet, sem ut cursus luctus, ipsum leo elementum sem, vitae aliquam eros turpis non enim. Mauris quis turpis vitae purus gravida	7952C3B7-99E9-76CA-7447-BD5528B02F1B	33	2021-08-01 01:11:06
167	nibh	Donec egestas. Aliquam nec enim. Nunc ut erat. Sed nunc est, mollis non,	E6576E80-FD36-3D8C-E88B-4B2AB274BF9D	72	2023-02-02 18:30:31
168	leo. Cras vehicula	diam vel arcu. Curabitur ut odio vel est tempor bibendum. Donec felis orci, adipiscing non, luctus sit amet, faucibus ut, nulla. Cras eu tellus	293A9DBE-177E-CD63-D7DE-BCD480658BA8	23	2022-01-27 11:22:30
169	Mauris nulla.	urna. Ut tincidunt vehicula risus. Nulla eget metus eu erat semper rutrum. Fusce dolor quam, elementum at,	D5BEE913-647C-9A70-7D7F-6C8AC567BC93	5	2022-12-21 15:24:11
170	Donec fringilla.	ac facilisis facilisis, magna tellus faucibus leo, in lobortis tellus justo sit amet nulla. Donec non justo. Proin non massa non ante bibendum ullamcorper. Duis cursus, diam at	AE1EA461-2418-7C38-733E-2274485A1632	15	2022-06-30 16:36:46
171	sit	nec ante. Maecenas mi felis, adipiscing fringilla, porttitor vulputate, posuere vulputate, lacus. Cras interdum. Nunc sollicitudin commodo ipsum. Suspendisse non	51CA1834-D7F9-EA1A-95D1-8923B551D939	77	2021-12-12 22:41:39
172	lobortis. Class aptent	augue ac ipsum. Phasellus vitae mauris sit amet lorem semper auctor. Mauris vel turpis. Aliquam adipiscing lobortis risus.	97C7CDB7-B242-149E-67C9-FC4114C8D419	99	2023-04-13 01:03:58
173	ullamcorper,	sagittis felis. Donec tempor, est ac mattis semper, dui lectus rutrum urna, nec luctus felis	64792ACA-A699-7635-349A-1860FD138074	76	2022-10-05 09:09:05
174	nisi. Mauris nulla.	Sed pharetra, felis eget varius ultrices, mauris ipsum porta elit, a feugiat tellus lorem eu metus.	1BB7BB6D-EC37-6BC6-DCA2-36BFE76A91A6	78	2021-08-05 16:58:38
175	urna.	arcu. Morbi sit amet massa. Quisque porttitor eros nec tellus. Nunc lectus pede, ultrices a, auctor non, feugiat nec, diam. Duis mi enim, condimentum eget,	D4EB5414-32F9-D455-BD9E-DD56281E8AE6	38	2021-09-23 20:45:22
176	a nunc.	ullamcorper magna. Sed eu eros. Nam consequat dolor vitae dolor. Donec fringilla. Donec feugiat metus sit amet	50856EF1-B876-0EC2-D91F-4AEA5740E8AB	34	2021-08-27 12:48:41
177	velit. Cras lorem	molestie arcu. Sed eu nibh vulputate mauris sagittis placerat. Cras dictum ultricies	C39C360C-8BDD-7498-4C32-0FE201D7F992	36	2022-06-23 15:10:05
178	id, blandit	auctor vitae, aliquet nec, imperdiet nec, leo. Morbi neque tellus, imperdiet non, vestibulum nec, euismod in, dolor. Fusce feugiat. Lorem ipsum dolor sit	DA8A1111-F924-2B29-3151-9B433C3E9D9D	36	2021-12-16 00:42:13
179	arcu. Vestibulum ante	luctus et ultrices posuere cubilia Curae Donec tincidunt. Donec vitae erat vel pede blandit congue. In scelerisque scelerisque dui. Suspendisse ac metus vitae velit egestas lacinia. Sed congue,	4E7E8E41-ECC3-356A-2BD0-17B1E3F893ED	7	2023-02-05 19:46:48
180	id, mollis	Nam consequat dolor vitae dolor. Donec fringilla. Donec feugiat metus sit	86AB2D29-348E-3DC2-99F9-E75D5ADCC45C	78	2021-10-12 07:20:02
181	amet massa.	justo sit amet nulla. Donec non justo. Proin non massa non ante bibendum ullamcorper. Duis cursus, diam at pretium aliquet, metus urna convallis erat, eget tincidunt dui augue	69AEA83A-E977-A522-0A16-0596C2F4F5F1	52022-11-20 04:37:54
182	Proin velit. Sed	tellus non magna. Nam ligula elit, pretium et, rutrum non, hendrerit id, ante. Nunc mauris	1FDA3DDC-D9B2-A69A-B061-2258C752B6DA	74	2022-09-04 11:59:35
183	mus. Aenean	diam luctus lobortis. Class aptent taciti sociosqu ad litora torquent per	42C11397-8EC4-7678-268F-02ACB862AE24	41	2022-03-10 14:23:55
184	interdum. Nunc sollicitudin	vel sapien imperdiet ornare. In faucibus. Morbi vehicula. Pellentesque tincidunt tempus risus. Donec egestas. Duis ac arcu. Nunc mauris. Morbi non sapien molestie orci tincidunt adipiscing.	C97C7B9A-3488-5B91-2A27-47CF3D4EC6EA	18	2021-10-01 17:57:45
185	tristique aliquet.	sapien. Aenean massa. Integer vitae nibh. Donec est mauris, rhoncus id,	F33DD53F-C74A-4D1B-9A6F-583DAAF39B92	19	2022-12-08 06:39:11
186	ut, sem.	non quam. Pellentesque habitant morbi tristique senectus et netus et malesuada fames ac turpis egestas. Aliquam fringilla cursus purus. Nullam scelerisque neque sed sem egestas blandit. Nam nulla	7C2121CD-C685-A30C-512E-F15955C19357	76	2022-06-02 16:35:33
187	sollicitudin adipiscing	est. Nunc laoreet lectus quis massa. Mauris vestibulum, neque sed dictum	FA4CB8DB-CEB7-C522-2CDA-54E9E72307EC	96	2022-06-27 02:05:17
188	ligula. Donec	sem elit, pharetra ut, pharetra sed, hendrerit a, arcu. Sed et	07825D23-5EEB-7276-3C17-431519A00E19	32	2021-06-19 12:15:50
189	porttitor	sed dui. Fusce aliquam, enim nec tempus scelerisque, lorem ipsum sodales purus, in molestie	1FDB5A89-CE9E-AA15-EF6A-5569B7DF4739	54	2022-09-20 07:31:48
190	enim, sit	massa rutrum magna. Cras convallis convallis dolor. Quisque tincidunt pede ac urna. Ut tincidunt vehicula risus.	DBD64136-46CD-9DA9-FCF3-A737648B58B2	90	2021-10-02 16:38:28
191	vestibulum.	massa non ante bibendum ullamcorper. Duis cursus, diam at pretium aliquet,	4A85ED13-4166-A6D9-53AD-32236C94DC98	69	2022-09-18 02:30:22
192	urna. Ut tincidunt	porttitor vulputate, posuere vulputate, lacus. Cras interdum. Nunc sollicitudin commodo ipsum. Suspendisse non leo. Vivamus nibh dolor, nonummy ac,	C2C870AE-B684-6F43-D6DE-A93F33B1E942	56	2021-10-31 04:09:00
193	neque. In ornare	consectetuer mauris id sapien. Cras dolor dolor, tempus non, lacinia at,	4ED55D7D-8756-81C9-6365-4D69D4921398	27	2022-07-04 19:14:02
194	hendrerit a,	orci tincidunt adipiscing. Mauris molestie pharetra nibh. Aliquam ornare, libero at auctor ullamcorper, nisl arcu iaculis enim, sit amet ornare	DA676B0E-4025-062E-395B-FFF3F03592A4	7	2023-05-04 00:21:23
195	nec ante.	molestie arcu. Sed eu nibh vulputate mauris sagittis placerat. Cras dictum ultricies ligula. Nullam enim. Sed nulla ante, iaculis nec, eleifend	B3AC559C-D977-99A5-94A5-0F36367C3A8E	54	2023-03-08 18:15:34
196	Pellentesque habitant	ultricies ligula. Nullam enim. Sed nulla ante, iaculis nec, eleifend non, dapibus rutrum, justo. Praesent luctus. Curabitur egestas nunc sed libero. Proin sed turpis nec	34B8D939-01B4-297C-17C6-241DDE8DA588	20	2022-03-06 17:49:10
197	leo.	nonummy. Fusce fermentum fermentum arcu. Vestibulum ante ipsum primis in faucibus orci luctus et ultrices posuere cubilia Curae	E28793E7-7650-5D2D-92B3-EA47748B735E	7	2022-06-21 21:31:24
198	eleifend nec, malesuada	dignissim magna a tortor. Nunc commodo auctor velit. Aliquam nisl. Nulla eu neque pellentesque massa lobortis ultrices.	E95BC922-4579-6AFA-FCFD-378AA9BAEDCD	34	2021-08-24 17:25:19
199	ligula. Donec	aliquet lobortis, nisi nibh lacinia orci, consectetuer euismod est arcu ac orci. Ut semper pretium neque. Morbi quis urna. Nunc quis arcu vel quam dignissim	11D58C2F-A7E9-6B63-E400-DAE7772E45A1	34	2022-02-05 07:56:53
200	magnis dis	nec tempus scelerisque, lorem ipsum sodales purus, in molestie tortor nibh sit amet	79AB5A64-DEEE-1010-E4D7-60A37A6B0120	3	2022-03-30 19:02:42
\.


--
-- Data for Name: subscriptions; Type: TABLE DATA; Schema: public; Owner: user_1
--

COPY public.subscriptions (shop_id, user_id, confirmed_at) FROM stdin;
122	199	2023-03-31 09:36:06
80	187	2021-11-29 17:53:21
152	137	2022-10-13 08:59:11
144	180	2022-05-14 16:51:26
27	108	2021-11-01 14:19:53
52	161	2021-08-25 17:46:17
171	197	2023-01-25 01:31:52
13	104	2022-07-10 12:13:14
98	197	2021-11-26 16:28:20
151	196	2022-01-20 15:06:01
52	170	2021-12-29 21:45:39
149	161	2023-04-10 14:46:27
153	108	2022-05-15 03:05:14
172	153	2022-06-08 12:44:14
161	116	2023-01-20 19:04:04
179	168	2022-07-06 08:20:50
52	106	2021-11-29 19:54:31
27	125	2022-02-12 06:58:28
174	120	2022-07-04 21:17:17
133	184	2022-12-16 19:57:08
83	184	2022-12-13 16:46:48
22	113	2022-03-27 12:51:24
74	159	2022-11-09 18:39:19
112	113	2022-02-21 07:50:51
50	157	2021-07-16 02:30:08
127	145	2021-09-30 16:16:05
197	129	2023-02-23 21:27:58
200	104	2023-05-10 02:11:56
109	131	2021-09-13 19:13:46
74	158	2022-06-10 16:30:01
75	144	2021-08-24 21:24:00
178	102	2023-02-20 13:32:48
82	148	2021-10-22 00:58:27
33	186	2022-12-15 13:53:00
192	106	2023-02-20 18:05:43
178	150	2021-06-03 12:09:34
130	186	2022-01-09 03:20:06
40	174	2022-10-08 00:58:37
142	189	2022-03-16 19:46:32
172	129	2022-03-21 14:55:33
121	148	2021-08-09 11:32:33
144	103	2021-06-08 14:13:31
109	145	2023-02-27 02:41:56
26	146	2023-05-20 07:10:14
103	125	2022-06-28 08:57:00
80	173	2023-01-29 00:25:03
124	145	2021-10-21 12:21:36
114	120	2021-06-30 04:35:50
32	103	2022-09-01 02:36:49
104	113	2023-03-15 02:43:06
168	137	2022-06-15 17:31:58
66	192	2022-07-13 17:00:48
40	140	2022-01-15 10:29:12
159	123	2022-09-30 16:56:41
86	137	2023-04-25 12:53:59
70	159	2022-07-10 21:58:37
24	156	2022-02-01 21:59:16
119	136	2022-03-16 00:15:53
53	122	2023-04-22 16:21:11
157	184	2021-11-04 18:31:53
165	117	2022-05-31 18:09:34
112	110	2022-02-22 07:48:35
100	191	2022-01-23 06:05:58
184	147	2021-11-27 02:08:50
20	178	2023-04-15 17:26:13
73	128	2022-02-16 04:49:12
155	177	2022-07-31 15:17:46
145	190	2022-02-26 02:38:55
126	114	2023-04-24 10:30:17
147	138	2022-05-23 03:02:02
195	195	2021-10-27 07:46:06
141	181	2022-11-25 22:13:09
5	184	2021-12-21 12:23:10
135	140	2022-09-29 09:15:32
177	127	2022-12-11 01:08:58
64	179	2021-09-02 00:42:21
20	189	2023-03-30 08:52:55
197	136	2021-06-21 15:10:48
114	163	2022-08-30 17:07:08
31	102	2021-08-20 21:58:44
80	160	2021-10-05 13:08:07
191	101	2022-09-16 14:10:21
123	177	2022-08-19 11:33:37
61	161	2023-03-15 22:10:06
170	148	2022-04-04 02:12:46
77	142	2022-02-21 16:06:06
114	185	2021-08-08 01:32:57
167	190	2022-05-13 16:26:35
44	108	2022-08-05 07:27:03
157	178	2021-08-04 10:02:28
3	165	2022-05-24 21:12:05
175	173	2022-11-22 06:16:58
78	194	2021-06-02 05:11:11
158	140	2021-11-26 11:48:57
114	181	2022-05-17 15:36:29
112	199	2021-12-29 04:34:51
62	147	2022-09-12 03:59:42
90	161	2021-08-02 18:39:41
183	101	2022-05-01 17:30:57
150	108	2021-06-26 13:53:09
184	191	2022-09-13 06:42:36
51	173	2022-08-02 15:31:07
197	199	2021-11-02 07:17:11
49	112	2021-08-04 15:30:00
33	134	2023-03-25 22:15:55
101	160	2022-04-08 06:36:14
18	167	2022-06-26 08:16:16
83	113	2021-12-17 10:00:49
183	137	2022-11-25 13:22:09
6	116	2021-08-20 11:56:43
79	108	2021-11-15 12:28:55
150	133	2022-09-20 04:36:25
148	171	2021-10-30 02:04:12
91	166	2021-11-21 08:06:20
28	191	2022-03-29 19:59:29
182	189	2023-04-13 08:16:15
124	156	2021-12-04 15:15:00
66	186	2021-07-03 19:33:57
55	115	2022-09-03 19:11:32
8	148	2021-08-24 19:42:22
86	149	2022-02-26 18:58:23
200	130	2022-11-07 18:43:37
7	170	2022-09-26 04:34:58
42	134	2021-08-21 21:35:56
106	149	2021-09-09 20:10:42
61	194	2022-08-28 17:08:07
22	182	2023-03-17 12:56:06
91	147	2023-04-05 06:27:19
52	194	2022-01-26 19:31:59
176	168	2022-10-04 12:51:28
33	151	2022-08-24 01:00:03
104	153	2022-08-19 01:59:37
44	199	2022-10-05 15:12:03
68	110	2022-08-20 00:09:35
164	195	2023-02-26 03:53:30
26	179	2023-05-15 08:34:24
190	186	2022-04-26 09:52:25
85	164	2021-06-03 21:24:45
145	164	2022-03-09 15:37:42
42	115	2023-02-08 07:19:25
156	150	2022-03-27 22:36:32
184	114	2021-07-12 01:54:39
141	113	2022-12-29 20:49:11
135	149	2022-05-26 17:06:05
185	136	2023-01-24 17:12:20
109	197	2022-10-24 21:49:00
22	165	2021-08-12 11:09:49
166	103	2022-11-02 14:33:54
103	191	2021-07-07 12:10:36
11	189	2022-09-06 15:11:22
160	105	2022-08-13 06:47:58
49	122	2022-05-22 22:14:23
129	129	2021-09-18 12:01:32
165	111	2022-09-05 09:34:48
100	119	2022-07-09 02:03:04
198	178	2023-01-25 15:19:11
124	114	2021-07-06 12:14:58
82	142	2021-10-05 16:53:58
109	115	2021-11-04 09:56:02
185	172	2022-09-06 14:02:16
90	126	2022-12-15 06:46:05
34	157	2022-07-10 22:59:40
114	190	2021-08-20 22:00:56
8	117	2022-09-05 13:41:11
48	196	2022-10-17 15:58:14
20	159	2021-09-26 17:14:42
51	154	2023-02-02 17:31:57
6	146	2022-03-02 16:20:50
65	157	2022-04-30 05:38:35
73	105	2022-11-27 08:09:32
38	192	2022-06-21 08:19:27
14	155	2023-01-16 01:25:21
23	104	2022-01-31 12:58:18
50	193	2022-05-09 10:35:26
125	198	2022-10-30 01:33:52
69	179	2022-05-25 06:52:49
15	132	2022-02-16 12:35:25
150	176	2021-12-18 07:11:13
186	145	2021-12-23 18:58:33
30	112	2023-05-16 17:02:57
63	108	2022-12-28 22:33:27
95	162	2023-02-19 20:49:15
31	185	2022-12-29 14:48:56
153	114	2023-02-04 01:49:21
105	182	2021-07-26 22:02:47
41	136	2021-06-25 21:03:11
191	181	2021-11-22 07:06:51
194	161	2021-12-13 23:02:56
45	130	2021-10-25 17:40:53
64	139	2022-08-13 10:17:58
5	179	2022-10-26 13:43:15
186	195	2022-02-15 08:42:00
52	155	2021-07-11 12:40:21
20	155	2022-01-22 10:25:15
179	112	2022-09-23 23:08:01
21	157	2022-12-28 13:49:21
33	119	2022-07-31 23:56:40
156	197	2022-12-08 11:44:20
147	122	2021-07-06 00:08:17
27	111	2021-09-14 22:29:11
\.


--
-- Data for Name: users; Type: TABLE DATA; Schema: public; Owner: user_1
--

COPY public.users (id, first_name, last_name, email, phone, address, photo_url, inn, is_sellers, created_at) FROM stdin;
1	Porter	Hays	sed.pharetra@protonmail.org	(207) 376-7527	Wasseiges	9AE80AB0-A846-237C-37E1-8EA3232550A7	18771583852	t	2022-07-09 01:50:18
2	Bethany	Shepherd	a.scelerisque.sed@yahoo.com	(748) 677-0467	Whitehorse	9432A172-A380-63F7-D65D-BEAE1B76A68F	1778420556	t	2021-10-30 11:42:25
3	Blossom	Powers	sit@google.org	(675) 555-7587	Whitehorse	1DA63125-5EFC-CE50-E017-C16819CEA3C9	7502231171	t	2023-02-21 21:09:14
4	Jade	Acevedo	maecenas.libero@icloud.couk	(535) 317-5486	Linkping	31AD6DE1-04CA-B629-C428-BE6D38D9E996	22175555819	t	2021-08-21 12:49:09
5	Melanie	Mosley	ultrices.posuere.cubilia@icloud.ca	1-800-619-7320	Nowshera	8361CB30-910B-DA2C-DBD7-BCC997F9CBEA	93173210078	t	2023-05-07 21:01:54
6	Holmes	Moon	neque.nullam@icloud.net	1-464-401-2242	Port Coquitlam	08DFA82B-C0CB-E74C-C05C-AA67C9F4C45F	89106932869	t	2022-07-16 11:57:57
7	Candace	Beck	dignissim.tempor@hotmail.org	(410) 127-7776	Zaria	35998E9C-9DEF-D18E-9516-5E1512B70EEB	10613268763	t	2021-07-30 07:31:44
8	Lana	Delacruz	non.magna@outlook.edu	(730) 838-3983	La Paz	34B9ADB8-BC41-3AF4-162E-32989307186F	41914869398	t	2022-08-30 13:58:28
9	Adele	Gamble	nullam.lobortis.quam@yahoo.edu	(495) 368-5638	St. Ives8B3F243A-25E6-D949-7FD4-44C1733D4AD7	56822286025	t	2021-09-21 16:46:01
10	Dale	Henderson	fames.ac@google.ca	(578) 721-3813	Assen	77D9B67D-CBBA-949E-677C-198F36008C49	5468130424	t	2023-05-18 00:28:40
11	Neve	Church	mus.proin@protonmail.org	1-677-257-2751	Teno	AE37D46A-A5A1-3F92-CDA3-DBA6946CC97E	59801549135	t	2021-07-07 04:13:15
12	Nathan	Preston	elit.a@protonmail.couk	1-372-151-3068	Izmail	5F63E063-D1B5-D828-023D-D65AD51AEE83	24304769512	t	2023-05-07 16:28:35
13	Frances	Acevedo	scelerisque.neque.nullam@icloud.org	(880) 317-3308	Sincelejo	76961629-4D4A-D99B-1C77-64B3DE6A67E3	76169087232	t	2021-09-24 14:48:10
14	Gary	Cohen	lacinia.orci@hotmail.com	1-886-783-6863	Camia	CDBB3165-C8AB-C8DB-9862-3775C8B980A8	15379614795	t	2023-04-15 14:25:05
15	Lana	Boyle	convallis.ante@aol.net	1-423-777-7074	Cholet	F05B25BD-33E7-689F-4AD2-C5BA03A55999	48350866891	t	2023-05-13 12:00:00
16	Yael	Golden	arcu.imperdiet@aol.org	1-750-978-2607	Deutschkreutz	B41F05A2-77BB-E76D-52C2-73C7CD169B4F	13282925962	t	2022-01-31 00:21:01
17	Tad	Jackson	bibendum.fermentum@aol.net	(242) 340-5171	Tonal	C2FB2DC3-8949-537A-AE40-53A2246E117C	52918017643	t	2021-09-13 09:43:50
18	Wyoming	Santana	ac@aol.couk	(177) 363-4407	Tomsk	A8FB3C0A-C68D-B77D-6DE6-A85BBBFED7A2	81000757787	t	2022-01-02 09:20:13
19	Cathleen	Mckay	cras@google.couk	(825) 218-1776	Camet	C1A7F49A-56A0-AAE3-0AD1-C2FD44CABED3	52865251167	t	2022-08-28 05:19:49
20	Colby	Beach	donec@google.couk	(821) 964-7327	North-Eastern Islands	13328CF0-BC5F-6522-C5AC-960481345966	72326630721	t	2022-01-18 00:39:08
21	Armand	Hampton	ullamcorper.duis@icloud.ca	(875) 459-2610	Grimma	86C1D537-D637-6592-090E-E02450C146BB	52837763942	t	2021-07-15 16:49:46
22	Camilla	Bradford	egestas.lacinia.sed@yahoo.edu	1-279-706-5795	Naninne	34990D73-C221-89E4-C8B2-BE964AE39E21	86257309128	t	2022-05-28 14:18:05
23	Colleen	Flores	nisi@google.org	(445) 723-5983	Sandefjord	5D32855D-969E-B6CF-68A1-46816135E746	86459385754	t	2022-01-18 20:53:47
24	Clare	Hebert	arcu.sed@google.couk	1-580-462-4845	Los Mochis	2807EEEB-AD78-A732-E2DF-BB9C2DB6898D	48270353967	t	2022-12-20 16:45:51
25	Madeson	Raymond	gravida.nunc@protonmail.ca	1-839-243-5504	Bloemfontein	B1722727-7A8C-E4E2-B421-DB218D8D83BD	5101624805	t	2022-11-03 23:01:06
26	Kathleen	Stewart	nostra.per.inceptos@google.couk	(521) 354-2546	Brandon	80929A1C-E897-1957-9CC4-87AFEAED9A2C	79921471592	t	2022-06-14 00:07:58
27	Igor	Watson	non@aol.net	1-579-747-0133	Galway	C889997F-9FB8-731A-9140-3BCE7AA0C3EC	87424855832	t	2021-12-09 18:33:22
28	Ginger	Villarreal	a@outlook.couk	1-623-781-2932	La Hulpe	32914316-BB23-9F03-5687-1DDE97258EF9	94091585768	t	2022-09-30 20:17:53
29	Joshua	Ashley	consectetuer@icloud.ca	1-824-353-0444	Schwbisch Gmnd3F65EB4D-67CB-3668-3396-5CC266893A2A	80298609102	t	2022-05-25 14:46:27
30	Breanna	Castillo	rutrum@google.ca	1-656-317-3104	Arequipa0563241A-49A4-CF91-A864-E7523B68D2A9	26346960311	t	2021-10-10 22:17:13
31	Forrest	Allen	metus.vivamus.euismod@aol.com	(552) 525-6459	Mercedes8DBF234D-55FE-46A5-810D-D5C8507E317B	92414992031	t	2022-08-14 03:13:44
32	Jin	Matthews	nisi.mauris@google.ca	1-322-754-1821	Tando Allahyar	1128C849-198D-C568-A5A7-F2981F494C6F	78607711930	t	2022-06-17 01:03:18
33	Justine	Manning	curabitur.massa@yahoo.com	1-561-767-6664	General Santos	A9329C53-54DC-89EF-ADAA-1CE04B242EEA	90504911863	t	2021-12-07 12:50:33
34	Lionel	Sims	suspendisse.tristique@icloud.net	(467) 534-4128	Tulsa	B917DDF2-B1F6-7D7D-7B43-6C4A599D9A21	75482139054	t	2022-09-16 21:58:11
35	Carter	Ramsey	amet.consectetuer@google.edu	1-635-193-5341	Cherkasy19B15117-C526-E0C2-6378-E96A8BD8595D	61669651786	t	2021-09-03 22:25:49
36	Paul	Logan	sed.nec@icloud.ca	1-171-761-7967	Alexandra	FE746A67-FF4B-F261-56BE-813D43C65C23	78503611118	t	2022-08-15 20:54:20
37	Colin	Bradley	nec@yahoo.net	(855) 483-7223	Nizhny	3D378E72-DEBB-A43D-DDCD-D531587B4433	94480968818	t	2022-05-28 10:08:54
38	Cassady	Griffin	non@protonmail.edu	(608) 405-7825	Banjarmasin	351E2D99-65EA-AC60-B543-555189C4A713	85927238644	t	2023-01-04 22:34:51
39	Henry	Beasley	vel.venenatis@yahoo.ca	(258) 810-5177	Geertruidenberg68C16F29-8E52-CA2F-EBCE-1F94686A431B	25848360437	t	2023-04-17 23:26:20
40	Forrest	Kane	habitant.morbi.tristique@yahoo.ca	1-730-784-5314	Donosti	31AEBAB5-3419-A3C3-B272-B509C5110EC6	98194919625	t	2022-02-25 03:31:06
41	Karen	Duffy	nunc@hotmail.couk	(800) 926-2494	Bunbury	FB611118-DE91-B453-9716-3917D09D8E08	79804996923	t	2021-07-04 01:21:45
42	Christopher	Petty	ac.mattis.velit@aol.ca	1-625-760-8225	Los Vilos	67A388EA-D2B1-A2F9-5BDB-DE2B4431B707	79039366654	t	2023-02-08 15:46:37
43	Willa	Ochoa	donec@aol.couk	1-176-456-1778	Rionegro	531552D5-31E5-3D84-43C5-B3E7CAAAA6CC	27487676650	t	2022-01-29 17:22:54
44	Cullen	Hudson	eleifend.non@hotmail.couk	1-891-630-4727	Corozal4F9AA0A4-223D-252D-7A80-36CAAFA48C89	94097363872	t	2022-03-16 19:41:23
45	Winifred	Barton	sit.amet@icloud.ca	1-535-823-3758	Mignanego	1AC5945A-D2A2-7C89-41A4-5E7422483DB3	7169912267	t	2022-05-20 21:44:16
46	Wang	Lancaster	nulla.eget@hotmail.net	1-413-421-4606	Yopal	9945516B-221F-15F9-7A98-EB611D36EC59	19477596242	t	2021-12-07 07:20:06
47	Signe	Morris	sagittis.placerat.cras@google.net	(497) 655-6513	Kaneohe	59FC7125-B7DD-8E21-B1F7-A30CB3E1CBDD	23922386958	t	2021-06-06 06:28:57
48	Tyrone	Campbell	non.lobortis@aol.ca	(557) 699-3165	Moscow	71E57799-4EAC-84DC-9446-889A45681A47	99102785011	t	2023-01-09 21:18:59
49	Kerry	Mcneil	ac.feugiat@yahoo.net	(555) 623-6534	Len	EBE795C2-CA46-985E-4B38-A759E83DEE48	93633304595	t	2022-02-10 07:13:46
50	Robin	Cohen	amet.luctus.vulputate@yahoo.edu	(716) 118-3393	Bn TreA13E4524-F882-DBB8-2E5B-A0EF9714508C	14009663453	t	2021-10-04 01:19:27
51	Jason	Goodwin	blandit@hotmail.edu	1-602-627-4258	Lim Chu Kang	4F19A3AA-6999-46D7-A346-4A50CA8828D8	2286739167	t	2022-12-18 22:50:01
52	Nissim	Wall	nisi.aenean@hotmail.ca	1-771-572-3643	Mandai	8C26DE80-A1EC-612E-E4A6-C1E97A7AB5AE	24700179490	t	2022-05-28 07:17:00
53	Nissim	Bradford	tincidunt@google.couk	(874) 445-7642	Tortel	B58A48A4-5151-D138-C1C2-77A4D4BA25D5	24832735114	t	2022-02-13 08:07:07
54	Brock	Davenport	sit.amet@hotmail.net	(848) 871-6284	Czstochowa	0F628B35-9B6B-9D31-C87A-ECA28E42CC94	99163399569	t	2022-02-11 06:47:47
55	Omar	Lawrence	dictum@google.ca	1-355-630-8317	Carmen de Bolivar	E69AEE1D-86BF-950B-5D7A-6C8AC67BD7DE	41322258835	t	2021-06-03 00:14:05
56	Brittany	Carney	commodo.at@outlook.org	(381) 791-2405	Paarl	1BA9CCA5-73E9-BCCB-B42D-03583822DB68	36243909827	t	2022-12-16 03:17:31
57	August	Gregory	dictum.sapien.aenean@icloud.edu	(353) 447-1352	Mercedes3EDA1867-E541-79D3-891B-575ECC85BB5A	14983422042	t	2023-04-21 16:39:38
58	Veronica	Beach	nam.porttitor@protonmail.org	(580) 840-8932	demi	71818165-38D4-7BA7-3B67-B5E24AE9172F	17164170331	t	2022-02-20 05:14:08
59	Nichole	Shepherd	erat.etiam.vestibulum@protonmail.couk	1-488-341-2260	Halesowen	0B3DD381-BDCA-7887-C8AE-BBB214168EEC	8294490942	t2023-01-31 18:23:29
60	Cleo	Mclaughlin	eu@hotmail.org	(277) 851-0214	Lambayeque	BC7C5AC8-C595-155B-645F-419217A002EE	86498654479	t	2023-01-12 21:14:21
61	Ashton	Hebert	ac.ipsum.phasellus@yahoo.edu	1-964-872-2765	Alajuelita	F3AA4125-0D1D-EB13-926D-02EE8AD6EDBD	51884911719	t	2023-02-28 08:21:26
62	Courtney	Porter	ornare@hotmail.org	(261) 675-2471	Valbrevenna	283C498C-98CB-417A-7C31-17585B21023D	36017272063	t	2023-03-10 09:52:13
63	Aretha	Curtis	a.tortor@icloud.net	1-732-311-4627	Gdask	3CC73B65-98D8-A1B7-0643-89A648D62B47	50452364155	t	2022-07-24 13:26:57
64	Priscilla	Cantu	at.pretium@outlook.ca	1-412-860-0710	Guadalupe	52EB2D3F-B46B-0E7C-38CF-36E95D3D6D1E	58859768083	t	2021-09-23 20:43:02
65	Wade	Raymond	quam@google.couk	1-342-471-6827	Darwin	36035CE9-733F-4383-B826-67636479297D	17480869732	t	2022-06-15 11:48:47
66	Akeem	Burke	luctus.sit@protonmail.ca	1-831-229-8178	Koronadal	7AB1CAF8-235C-9707-E90D-C162B8F59902	98294794581	t	2022-04-07 08:36:57
67	Thor	Carpenter	proin.velit.sed@icloud.com	1-381-558-4330	Chaaral	9197B780-CD25-C6A8-6BE2-7DA93604A4B2	79891794708	t	2022-01-10 02:56:12
68	Xenos	Estes	ligula.nullam@hotmail.couk	(876) 580-8715	St. Veit an der Glan	036CB89E-D17D-1395-BCAA-F2513B1D32FD	83132013220	t	2023-02-15 00:57:29
69	Kasimir	Wiggins	velit@hotmail.com	(814) 324-4811	Villingen-Schwenningen	103CDEA8-D5FB-41D2-1323-5A7DCCADAA7F	30868645788	t	2021-07-25 07:47:34
70	Edward	West	vel.turpis@aol.com	1-208-684-8246	Korneuburg	53DB1954-15FE-277D-9C8E-F5CD7DBC5789	83232745784	t	2022-11-21 22:57:31
71	Bethany	Reilly	dolor.quam@yahoo.couk	(228) 838-3336	Izmail	1CF8D9DD-D213-DA22-EDD0-A5919DB55F73	32541780872	t	2021-11-25 08:27:25
72	Cody	Odom	duis.elementum@protonmail.ca	1-541-710-6036	Lairg	4C696746-5ECB-FC6E-E40C-58407B4B4127	64982989249	t	2023-04-04 18:00:15
73	Byron	Barker	lectus@protonmail.net	(835) 512-1633	Pamplona	EE185B22-FB8B-4E5B-282C-34B5CE5ADE9E	33067144657	t	2023-01-22 23:36:47
74	Vladimir	Murray	cras@aol.edu	1-231-624-5062	Yeoju	B9A418CA-D9D7-C5C5-8EEA-3DDC3FCB8153	26202568966	t	2022-03-07 09:02:30
75	Regina	Mccall	dui.augue@hotmail.org	(338) 526-6674	Suwon	29F34553-CE22-EDCE-952D-B0CEB76DBB09	7820485344	t	2021-08-09 03:02:32
76	Britanni	Ross	congue.a.aliquet@aol.org	(753) 813-8340	Chem	2679E671-4FEE-D77D-CA13-2745D524CDDB	63255805371	t	2023-03-04 00:18:11
77	Madaline	Barker	pede.nunc.sed@aol.com	(874) 981-3336	Jan	C041B4C4-18ED-7CDD-CB59-8C5E1C985427	65371159190	t	2022-03-05 12:27:36
78	Cody	Dennis	egestas@outlook.edu	(238) 435-1256	Curanilahue	6CDB9066-C4AC-6B9D-F4C5-35956ED4D4BD	45868562019	t	2022-05-03 04:25:24
79	Germane	Gillespie	arcu.sed.eu@icloud.org	(413) 556-4656	Lourdes5CF5ACB5-D4C6-E4AF-1A17-BA68882BB591	3438740739	t	2022-11-13 12:26:16
80	Nomlanga	Dunlap	aliquam.iaculis.lacus@protonmail.com	(840) 157-2151	Liaoning	55950E0E-C9BE-3A2B-D7DB-284E8F17DA8E	3430994375	t2022-12-09 05:33:22
81	Magee	Hampton	lectus.a@google.edu	1-585-810-2055	Saguenay	5DC9CDB9-3243-15CE-E89A-94396A88CDE7	76528583707	t	2021-07-05 12:36:38
82	Arsenio	Flynn	varius.ultrices@icloud.net	(211) 437-2311	Anhui	51EB2FF6-DFB4-E7B5-7D24-13E629D34A5C	92988364195	t	2022-10-25 16:07:08
83	Karen	Bowers	porta.elit@google.org	(260) 176-9561	Cork	B29112C3-0670-DD43-D226-CEAB0E13C917	34730748420	t	2022-08-10 21:58:24
84	Sophia	Mcclure	nulla@hotmail.org	1-942-258-7786	Port Harcourt	ECDB2241-B854-0499-5782-0745B2C78E9D	5683768721	t	2022-09-08 09:20:56
85	Inga	Harris	non.arcu@hotmail.edu	1-748-665-6655	Uzhhorod	C9AA115D-6697-A87A-5658-742C6ED9761F	23493149821	t	2023-03-09 17:53:42
86	Reagan	Duffy	nam@hotmail.com	1-546-772-4253	Devonport	F6622DCD-5886-5CB1-7EB9-F2EEE16E8937	19625155612	t	2023-04-09 14:45:08
87	Emery	Farley	pharetra.sed@protonmail.couk	1-574-164-3075	Kohat	07EE7AD6-3CD5-AAA8-B33D-6B6B6574D1A6	2624648987	t	2021-11-17 14:53:12
88	Kirestin	Holland	morbi.tristique@aol.org	1-397-572-8687	Surigao City	AF120247-A383-ED43-5181-BB9840C23642	77042881141	t	2022-07-28 03:13:16
89	Akeem	Calhoun	nulla@outlook.couk	1-669-331-7534	Utrecht	D3CE34DB-7984-331E-17C5-CD99457D3507	9883931388	t	2022-02-03 05:39:10
90	Ebony	Nielsen	aliquam@yahoo.net	1-486-821-7918	Tiel	3ADDEABA-ED56-B851-3992-904686E9186E	59622201441	t	2021-12-18 13:50:54
91	Alden	Cochran	sodales.mauris@protonmail.couk	(143) 241-3616	BelfastB7CD1D4C-312B-2A0F-EB2B-E96AB4ADEE3D	40170319346	t	2022-12-17 17:05:12
92	Patrick	Meyer	tristique@google.net	(641) 391-5284	Saint-Louis	4C90C2DE-8B63-0290-1EC6-CC2435217A61	86986835863	t	2022-07-25 07:29:50
93	Macaulay	Dunlap	aliquet@yahoo.ca	1-552-424-6652	Sacramento	3EE3985A-6BC1-5021-246A-71EC6761E29D	72843676697	t	2022-10-11 06:46:58
94	Charity	Olsen	lorem.ut@outlook.edu	1-492-666-7344	Trans	980ED8C7-EA8E-1BF6-4D80-6B1EE1AAB858	17283544299	t	2022-10-31 11:47:41
95	Margaret	Wolfe	mi.lacinia@aol.couk	(119) 323-3773	Forchies-la-Marche	8C46CA95-83F2-CE16-16D4-25CCB7543187	90117811859	t	2022-05-22 16:53:37
96	Mallory	Frye	arcu.et@aol.net	1-685-388-8621	Vienna	4EA1673B-6E76-D0F5-86B3-84E7AC77DC6D	6229256510	t	2022-12-16 19:14:43
97	Ronan	House	suspendisse.aliquet@protonmail.org	1-274-470-5846	Novosibirsk	2C792B31-653E-C733-901A-00F14E846354	6595217675	t	2021-06-22 17:10:15
98	Burke	Woods	nec.tempus@hotmail.com	1-940-551-4762	Arrah	A14C9629-F8F3-9AF4-A5DC-5DDE276BE65B	47453143945	t	2022-02-26 12:36:50
99	Echo	Hamilton	tincidunt.tempus.risus@google.edu	(871) 397-8911	Kendari	786879D1-C9DB-ED4D-016B-B4847E112DC7	5279875818	t	2022-08-27 04:29:58
100	Barbara	Wall	risus@protonmail.couk	1-517-835-8845	Diyarbakr	7BD42CED-95B5-3E79-DA28-AB681E6E07DE	44966055758	t	2021-10-07 17:02:00
101	Kylan	Snow	ligula.tortor@aol.net	1-984-113-4605	Geoje	35FEB53D-B218-E2E7-FA9A-AE5392CE51C5	0	f	2023-05-19 14:20:51
102	Judah	Mueller	lorem@yahoo.edu	1-439-568-9447	Lanco	52610717-AFB4-7173-8C38-2CEB334C3A8E	0	f	2022-07-23 23:53:56
103	Camilla	Patterson	ante.ipsum@outlook.couk	1-211-673-9658	Weyburn8A7127AF-36AB-F4EA-C726-F5E6237C79D5	0	f	2021-10-28 11:35:43
104	Bell	Hood	quisque.imperdiet.erat@google.couk	1-750-879-8110	Sibasa	D9AE2A93-B8DC-943A-823A-805D50A482B5	0	f	2022-05-28 18:40:40
105	Basil	Compton	mauris@hotmail.ca	1-822-411-8252	Bekegem	3E170245-AB9A-E6FA-8B37-D22C2DBB3AC8	0	f	2022-02-19 03:31:51
106	Rashad	Huber	nunc.sed.libero@yahoo.net	(688) 839-7487	BelfastC1C57256-E35A-2A92-C623-42FC68164338	0	f	2022-10-15 23:24:24
107	Tiger	Jarvis	sed.nec@yahoo.net	(955) 905-5930	Heerenveen	BC6EA266-A679-E592-24B6-3487582C5881	0	f	2021-07-26 05:23:06
108	Keaton	Aguirre	fermentum.vel@google.ca	1-252-418-7353	Iquitos	62D5A36A-E6C2-4E43-229B-4D3D95B1FAB0	0	f	2022-10-05 16:11:49
109	Dean	Lancaster	dis@google.org	(625) 358-4411	Owerri	5A5CF9E2-E4CC-6D30-B3ED-49268880C24B	0	f	2021-07-30 12:15:28
110	Paula	Fry	ornare.fusce@protonmail.net	1-367-610-9408	Rawalakot	6BF3CAF7-3253-3611-31E6-9ED9C142B2B6	0	f	2023-01-11 06:30:48
111	Derek	Floyd	donec.vitae.erat@icloud.couk	1-530-565-1799	A Corua14C0E16B-7A76-1A05-E7B7-B37F4DC6D3A8	0	f	2023-01-11 10:24:58
112	Reed	Larson	feugiat.placerat@outlook.couk	(210) 630-2141	Avesta	1B6F9D2A-FA54-356E-775A-E2ECC9BF7A8B	0	f	2023-03-17 16:19:44
113	Macey	Byers	justo.faucibus@hotmail.org	(471) 932-5448	Jurez	D82BAE4C-F7E2-B57B-7BC3-ED2AE242159F	0	f	2021-10-02 04:34:41
114	Drew	Myers	sagittis.placerat@icloud.couk	1-335-270-5463	Siedlce642F6185-112C-2890-87DB-65BBA9A24DC1	0	f	2021-12-10 01:00:20
115	Mufutau	Fowler	amet@yahoo.net	(218) 578-4130	Omsk	41C5A478-6078-3495-E06F-E4A2A865E2A4	0	f	2021-08-29 17:58:07
116	Melanie	Clayton	magna.a@aol.couk	(829) 356-4356	Ajaccio	A9C3164C-55D8-9D88-96BA-ED8B918A7586	0	f	2021-12-26 00:03:48
117	Igor	Clark	neque.et@yahoo.edu	1-839-817-1656	Andalo	93BFC382-EDCA-764B-B327-65ABDEE78378	0	f	2021-07-22 07:48:17
118	Kai	Mckenzie	lobortis.risus.in@yahoo.net	1-715-717-0599	Vetlanda	EF1A8BA5-967E-7A96-16E8-986B7A80E0F7	0	f	2021-12-10 15:26:05
119	Yardley	Sharpe	dui@protonmail.couk	(581) 564-8052	Brecon	7BCD5066-7175-732A-082F-4FAE5BA87D2E	0	f	2021-10-31 16:36:23
120	Xavier	Rollins	bibendum.fermentum@hotmail.net	1-785-670-4198	Telfs	CE6687E8-038C-EBBC-01E1-99B1A12446E0	0	f	2021-12-07 19:22:24
121	Madonna	Allen	velit.eu@aol.org	1-236-454-4856	Krakw	E1434E6B-883B-7BB3-D0AE-854291C72A8B	0	f	2021-11-23 03:41:21
122	Cameron	Cardenas	lectus.pede@yahoo.couk	1-434-631-2936	mamolu1A2D941B-C586-C532-D28C-562E4FDEE469	0	f	2022-06-29 16:34:25
123	Adrienne	Emerson	parturient.montes@aol.com	(460) 822-6566	Hubei	D3C5DF6F-D82C-CDCB-4617-34627A28A09A	0	f	2022-12-04 06:51:28
124	Oprah	Mccoy	amet.faucibus@protonmail.couk	(426) 695-6832	Sahiwal24870758-535D-277C-413B-5D214D48D5DB	0	f	2021-05-26 22:03:15
125	Lynn	Morin	eu.turpis.nulla@outlook.edu	(982) 510-8624	Trollhttan	4E364732-67A6-D47A-B48A-20DEFE1B50D2	0	f	2021-08-12 08:34:56
126	Raja	Camacho	ac.turpis@hotmail.net	1-465-389-4092	Bad Vslau	81978540-3AAE-3C9C-5147-5A62E2B0828B	0	f	2023-01-30 01:09:21
127	Quinlan	Ratliff	dictum@aol.edu	(476) 289-1583	Wismar	DFFCCFC9-DE4C-2DEB-3FD6-7E5DE16DBC59	0	f	2022-01-13 19:53:31
128	Christine	Hale	diam.at@outlook.edu	(822) 490-7470	MakurdiC9672791-3B77-F5EB-6B67-9C28BC326E1C	0	f	2021-12-16 13:07:23
129	Flavia	King	augue@aol.couk	(662) 705-1041	lesund	79A95A84-BD62-3EF0-D436-31A57A8D75E6	0	f	2022-06-02 01:58:12
130	Micah	Craig	donec@yahoo.edu	(726) 320-2392	Ips	4E0AACB0-935B-2948-9CC7-5CC31E6B2EE7	0	f	2022-01-02 00:45:06
131	Lacota	Mack	posuere.cubilia@google.ca	(762) 816-5344	Jiangxi2D48DECD-C83C-9B9D-C458-B0242EB318C4	0	f	2022-06-21 00:37:15
132	Kiara	Bishop	eget.ipsum@google.org	1-496-928-4761	Manokwari	7BDD66EC-A559-E79A-372B-E6E75EE3283F	0	f	2021-08-04 03:59:29
133	Basia	Chambers	nec.tellus@yahoo.couk	(805) 462-8284	Vienna	226297DA-853B-7762-B55F-DD927816D74F	0	f	2021-12-16 09:36:14
134	Mariam	Pena	maecenas.ornare.egestas@hotmail.net	1-933-834-6856	Loncoche	71DBA38A-A594-46F4-23FE-34E9C91AB8FA	0	f	2022-11-09 09:46:01
135	Gary	Richards	ut.erat@aol.net	1-832-966-1351	Galway	E16239C1-7DC1-6C1E-3F37-621876652358	0	f	2022-03-13 15:17:47
136	Geoffrey	Lane	a.mi.fringilla@outlook.couk	1-507-212-2212	Santander	ED550339-5275-17D8-9E23-B6A3CBDC5187	0	f	2021-12-22 15:49:42
137	Bevis	Kennedy	sodales.mauris@hotmail.org	1-276-547-9745	BeijingDD568959-89BD-8515-14DA-55B66C54AC53	0	f	2023-05-03 03:05:56
138	Lucius	King	ligula@yahoo.couk	1-358-357-3193	Kongsvinger	84683BCE-4C5C-D66D-1ABF-523289764C3D	0	f	2023-05-19 07:54:58
139	Armando	Hensley	et.euismod@hotmail.org	(988) 825-0691	Linkping	9634E0ED-6DE6-0BB1-4362-3524DA302E01	0	f	2022-11-05 12:50:43
140	Meredith	Battle	lorem.donec.elementum@hotmail.couk	1-495-841-7628	Chaaral	729CA56E-8EA6-E18A-3184-C32DEE4E461A	0	f	2022-04-14 05:50:06
141	Tiger	Griffin	ligula@icloud.edu	(777) 851-9849	Enns	BC323C85-C373-3123-2A2A-37EF1A6B9D41	0	f	2021-12-24 13:06:44
142	Gwendolyn	Palmer	elit.sed.consequat@yahoo.net	1-831-735-6614	Viddalba	BBF32E1D-46C1-3872-460D-3D1CBB825325	0	f	2023-02-21 22:28:00
143	Hayes	Fleming	neque.vitae@protonmail.net	(341) 275-3898	Kalush	A046381A-0CEB-C6BB-2689-E67D9E573D8B	0	f	2022-01-04 12:06:25
144	William	Sharpe	integer@yahoo.ca	(431) 182-7524	Castres	CBB763B5-5C58-18C2-527D-892A6AD865D9	0	f	2023-02-18 15:22:36
145	Kai	O'brien	congue.turpis.in@google.edu	(413) 557-4333	Hinckley5DA79964-F5DD-213C-7A8D-60D985174293	0	f	2022-03-26 08:34:26
146	Phyllis	Leon	gravida.praesent@icloud.com	(787) 424-7623	Logroo8CB70F1B-CB4F-21CE-916B-7BC169CCF1AB	0	f	2022-02-20 05:47:17
147	Lydia	Powers	mi.felis@yahoo.couk	1-187-946-6447	Bukit Timah	68A14878-382C-84F2-D853-4D44444D7E8D	0	f	2021-12-15 18:42:58
148	Levi	Mcbride	nullam@aol.edu	1-229-880-5453	Hoogeveen	6B602CC3-77A8-6BF9-9B62-3C204C8EA52A	0	f	2021-11-27 11:38:18
149	Hasad	Church	laoreet.posuere@google.com	(166) 363-2772	KhanewalDC06C096-582B-7867-6E1C-FEEDDC71463E	0	f	2023-03-09 07:20:38
150	Ralph	Lloyd	pretium@yahoo.ca	1-677-308-3833	Risr	1E7DB662-1D42-E8A8-2787-E04F566C1567	0	f	2023-02-26 07:18:30
151	Maggy	Sosa	ante.iaculis@outlook.org	(892) 989-5488	Padang Panjang	7C398700-AE65-4EAA-0CA2-D363C8D0C782	0	f	2022-02-13 14:07:11
152	Latifah	Schultz	facilisis.suspendisse@hotmail.org	1-451-215-1443	Meppel	8C0AC419-3C87-C38E-984D-A2986EC142E6	0	f	2023-05-13 20:44:27
153	Dominique	Murphy	amet@protonmail.org	1-691-615-1494	Santander	B1667925-28AE-3C11-9169-BA3EA13AD7E4	0	f	2021-12-01 10:10:40
154	Forrest	Harvey	nibh.aliquam.ornare@outlook.edu	1-214-877-1543	Juazeiro48632BB6-8837-118B-BB8F-9B597B34493D	0	f	2022-01-10 13:50:22
155	Daphne	Thomas	morbi.accumsan@icloud.edu	(243) 471-5204	Delhi	D7C7F197-4A9A-19C4-B729-761ABF077247	0	f	2022-09-18 08:24:00
156	Aladdin	Marquez	sollicitudin.orci@yahoo.edu	(519) 783-2681	Canberra18688ED9-A651-97BC-7C8D-DCB02EB12B7D	0	f	2023-04-10 04:59:04
157	Allistair	Hansen	arcu.curabitur.ut@hotmail.org	1-351-543-5719	Itanagar	8EF5E13E-57D5-15B8-EE9E-A71D979A529B	0	f	2021-10-10 05:57:48
158	Tatum	Foley	mauris@icloud.net	1-226-353-6231	Tehuacn	510AE5FB-A2A2-B2B5-E21A-1DDA5406E3B3	0	f	2021-10-16 09:52:01
159	Fatima	Reese	at.fringilla@protonmail.couk	(468) 360-1603	Vaux-sous-Chvremont	B5A19874-3499-DC86-6AFC-DCBAA5812432	0	f	2022-05-21 05:32:05
160	Ramona	Santiago	montes.nascetur.ridiculus@outlook.org	1-140-805-8908	Katsina	C3270D58-6DCC-77EE-1268-D162D4457489	0	f	2023-02-16 15:32:05
161	Kuame	Schwartz	sed@yahoo.org	1-498-823-6999	Marawi	15C9C46D-6691-6D32-FD1A-B564730C8922	0	f	2023-03-27 00:09:11
162	Ralph	Mckenzie	adipiscing@hotmail.net	1-557-598-8205	Lembeek76AEC6C8-19ED-34BC-85E8-844EA377A3B1	0	f	2022-04-25 14:02:15
163	Fay	Wallace	vel@yahoo.com	1-569-384-7737	Buckingham	5E4F228A-D64D-8869-CB7B-2FB1E12EDFCE	0	f	2023-01-28 10:20:06
164	Castor	Collier	molestie.tortor.nibh@icloud.couk	(781) 862-0267	Vienna	C3898188-7AC8-8227-23EE-457DCD15B3BC	0	f	2021-07-10 10:59:24
165	Petra	Navarro	orci@hotmail.ca	(951) 331-1052	Mokpo	D4F2E487-F64F-A7BB-2C88-22B4B1BA88E3	0	f	2022-01-28 10:24:49
166	Zeus	Albert	tempus.scelerisque.lorem@protonmail.ca	(174) 762-8748	Daejeon	51B3C562-7723-15B7-5D0A-5B8F8D49C5DA	0	f	2021-07-20 11:51:09
167	Jessica	Lowery	facilisis@hotmail.edu	1-718-674-5908	Daman	515D4723-B0D1-704F-7861-A98CC0972B51	0	f	2021-06-07 23:16:57
168	Ori	Sanchez	amet.consectetuer@google.couk	(493) 545-6232	Seogwipo99FAF122-C7D0-C73E-8381-4E5839A372D9	0	f	2023-05-08 09:55:41
169	Edward	Blackwell	praesent.interdum@outlook.ca	(634) 255-7652	Miryang	1BAD9549-D6B6-3AE2-C247-376A4AA03225	0	f	2021-07-13 21:22:23
170	Joy	Rush	dignissim.lacus.aliquam@outlook.couk	1-651-295-6122	Tom	858BD730-DB33-7F93-3E11-19C3C1DE196C	0	f	2021-12-13 19:50:05
171	Alfreda	Knapp	dictum.phasellus.in@icloud.couk	(708) 506-2915	Makurdi387D2BC2-4B0A-A166-3211-4671F616D75F	0	f	2021-09-03 02:22:09
172	Hunter	Harrington	quisque.ac@yahoo.couk	(615) 651-7884	Cork	46C4D869-DC55-5EA2-7178-1E935ACD29E2	0	f	2022-01-05 21:04:16
173	Halla	Foster	amet.luctus@outlook.org	(844) 226-4090	Drtyol	296BC0C8-CBCE-25BD-B57F-EAB8A82851EA	0	f	2022-12-17 14:30:40
174	Isaiah	Jacobson	vulputate.risus@google.com	1-534-875-4786	Londrina	2A2E0A8E-46CA-C522-496B-0794DADC7D8F	0	f	2023-04-28 20:20:14
175	Gannon	Wynn	nunc.commodo@aol.ca	(862) 532-3647	Warisoulx	4B3A171C-FC95-A6B8-ED00-BC232829878C	0	f	2021-12-29 01:24:56
176	Cole	Matthews	nunc@icloud.edu	(419) 722-4716	Le Puy-en-Velay2F72D953-1D3D-4ED3-EE91-AB891AC42536	0	f	2021-09-18 01:40:51
177	Maggie	Stephenson	pede.suspendisse@outlook.ca	1-477-324-4295	Alacant	DEA9B1EE-27E3-6793-7A4C-BCB4A7C888E5	0	f	2023-02-15 01:28:16
178	Katell	Herrera	ut@yahoo.couk	(366) 478-6114	Tarrasa	7C7D1A73-B298-2DE7-DCA2-611478D2AEB0	0	f	2022-11-07 01:37:32
179	Ivor	Frazier	egestas.fusce@google.ca	(848) 574-5186	Sarpsborg	94038686-7D3C-4E05-76EF-D124D8DDED87	0	f	2022-03-21 04:14:26
180	Troy	Slater	rutrum.justo@outlook.org	(887) 823-8201	Soacha	EADEF491-38D7-C7F3-6BBE-E1B5BF1C7C39	0	f	2022-07-27 12:22:40
181	Craig	Wyatt	nec@aol.edu	1-499-901-7315	Sechura	5089198E-CC3D-BD22-47F9-AF77AE7CD55F	0	f	2022-10-15 11:02:16
182	Jordan	Shannon	libero.integer.in@aol.net	(275) 483-7861	Miramichi	11B28671-44FE-6ABC-31B8-6B4E05FB2269	0	f	2022-03-13 17:17:17
183	Kiayada	Gutierrez	ut@aol.couk	(647) 884-3536	Hulst	6A2D94FF-8614-D66F-F883-81EDDE5954DD	0	f	2023-04-28 15:37:45
184	Dacey	Henderson	sed@icloud.net	1-641-144-3783	Agustn Codazzi6552736C-A336-3CE6-D546-3C31EB66767A	0	f	2021-09-03 07:31:35
185	Yoshi	Velez	dolor.dolor@protonmail.com	(753) 833-5585	MataramB1EE7B4E-2873-5930-5D8B-99644E1BD3FD	0	f	2022-12-19 13:04:57
186	Jerry	Wiggins	lorem.eu@icloud.couk	1-816-871-1845	Pasir Ris	9DB51991-58D2-102C-9C10-43316D106170	0	f	2021-06-09 01:06:46
187	Timothy	Franks	habitant@aol.edu	1-572-645-4096	Carmen	29F9E5CF-81AB-D131-E187-8CE5D2DEB947	0	f	2023-03-24 16:17:40
188	Hayden	Herman	integer.sem@aol.couk	1-225-470-7731	Cork	34E2662D-4D51-C928-48B8-34423A0C1E03	0	f	2022-06-29 14:36:52
189	Rebekah	Nichols	mauris@google.com	(555) 548-6327	Vienna	3245BEB9-D192-9B22-42DD-93033FDEBE3A	0	f	2023-04-16 17:13:40
190	Yen	Clark	urna.justo@aol.edu	(834) 670-5595	Clarksville	2969E542-F359-4BB9-DE16-4595425BE722	0	f	2023-04-27 11:52:08
191	Levi	Sosa	pede.suspendisse@hotmail.couk	(295) 538-5542	Shigar	46E97370-690A-E5FF-C99E-A8839618D226	0	f	2022-04-21 05:46:24
192	Clark	Cain	nulla.aliquet@hotmail.couk	1-908-182-3318	Campobasso	D94809C5-CC5B-1507-45C8-EB45200A7657	0	f	2022-01-07 15:30:19
193	Martin	Ballard	integer@aol.com	1-117-904-8487	Kharabali	45B18637-141B-AC26-BEE2-2EBE5B42B68A	0	f	2021-10-30 15:23:57
194	John	Carney	id.ante@protonmail.com	1-453-562-4557	Canela	4491EC22-6213-57CB-3183-E13412C8C33F	0	f	2021-11-24 02:33:31
195	Lee	Wallace	nibh.lacinia@aol.net	1-221-522-9685	Alto Biobo	825B7E82-765E-13CE-C04B-D8831AE867B9	0	f	2022-03-23 18:20:15
196	Theodore	Hurst	et.magnis.dis@protonmail.ca	1-351-141-7711	Saalfelden am Steinernen Meer	B966E2CE-657A-D95B-BC8C-B2E1B8C1CDC0	0	f2022-09-24 03:40:50
197	Yasir	Santiago	malesuada.ut.sem@yahoo.net	(722) 682-8188	Sungai Penuh	9CADE2AC-BC0D-7E5C-45A4-F9AA879B9374	0	f	2023-05-22 17:00:22
198	Denise	Mccarthy	nisl@yahoo.org	1-988-574-8774	Talisay	9CEC9879-53DE-C013-6A5F-6AC8D73D368C	0	f	2021-08-25 15:44:03
199	Vivien	Woodard	sed.malesuada@google.com	(413) 866-6150	San Andrs	08A15696-E79E-DF27-8EE5-977837452C5B	0	f	2023-05-21 15:26:09
200	Giselle	Whitfield	sed.dictum@hotmail.com	1-282-257-5548	Dangjin7BABD8CD-7572-D4D6-2C3B-5DAAA83464CA	0	f	2021-08-01 16:39:05
\.


--
-- Name: cart_id_seq; Type: SEQUENCE SET; Schema: public; Owner: user_1
--

SELECT pg_catalog.setval('public.cart_id_seq', 1, false);


--
-- Name: categories_id_seq; Type: SEQUENCE SET; Schema: public; Owner: user_1
--

SELECT pg_catalog.setval('public.categories_id_seq', 1, false);


--
-- Name: goods_id_seq; Type: SEQUENCE SET; Schema: public; Owner: user_1
--

SELECT pg_catalog.setval('public.goods_id_seq', 1, false);


--
-- Name: messages_id_seq; Type: SEQUENCE SET; Schema: public; Owner: user_1
--

SELECT pg_catalog.setval('public.messages_id_seq', 1, false);


--
-- Name: order_status_id_seq; Type: SEQUENCE SET; Schema: public; Owner: user_1
--

SELECT pg_catalog.setval('public.order_status_id_seq', 1, false);


--
-- Name: orders_id_seq; Type: SEQUENCE SET; Schema: public; Owner: user_1
--

SELECT pg_catalog.setval('public.orders_id_seq', 1, false);


--
-- Name: photo_id_seq; Type: SEQUENCE SET; Schema: public; Owner: user_1
--

SELECT pg_catalog.setval('public.photo_id_seq', 1, false);


--
-- Name: shops_id_seq; Type: SEQUENCE SET; Schema: public; Owner: user_1
--

SELECT pg_catalog.setval('public.shops_id_seq', 1, false);


--
-- Name: users_id_seq; Type: SEQUENCE SET; Schema: public; Owner: user_1
--

SELECT pg_catalog.setval('public.users_id_seq', 1, false);


--
-- Name: cart cart_pkey; Type: CONSTRAINT; Schema: public; Owner: user_1
--

ALTER TABLE ONLY public.cart
    ADD CONSTRAINT cart_pkey PRIMARY KEY (id);


--
-- Name: categories categories_pkey; Type: CONSTRAINT; Schema: public; Owner: user_1
--

ALTER TABLE ONLY public.categories
    ADD CONSTRAINT categories_pkey PRIMARY KEY (id);


--
-- Name: goods goods_pkey; Type: CONSTRAINT; Schema: public; Owner: user_1
--

ALTER TABLE ONLY public.goods
    ADD CONSTRAINT goods_pkey PRIMARY KEY (id);


--
-- Name: messages messages_pkey; Type: CONSTRAINT; Schema: public; Owner: user_1
--

ALTER TABLE ONLY public.messages
    ADD CONSTRAINT messages_pkey PRIMARY KEY (id);


--
-- Name: order_status order_status_pkey; Type: CONSTRAINT; Schema: public; Owner: user_1
--

ALTER TABLE ONLY public.order_status
    ADD CONSTRAINT order_status_pkey PRIMARY KEY (id);


--
-- Name: order_status order_status_status_key; Type: CONSTRAINT; Schema: public; Owner: user_1
--

ALTER TABLE ONLY public.order_status
    ADD CONSTRAINT order_status_status_key UNIQUE (status);


--
-- Name: orders orders_pkey; Type: CONSTRAINT; Schema: public; Owner: user_1
--

ALTER TABLE ONLY public.orders
    ADD CONSTRAINT orders_pkey PRIMARY KEY (id);


--
-- Name: photo photo_pkey; Type: CONSTRAINT; Schema: public; Owner: user_1
--

ALTER TABLE ONLY public.photo
    ADD CONSTRAINT photo_pkey PRIMARY KEY (id);


--
-- Name: photo photo_url_key; Type: CONSTRAINT; Schema: public; Owner: user_1
--

ALTER TABLE ONLY public.photo
    ADD CONSTRAINT photo_url_key UNIQUE (url);


--
-- Name: shops shops_photo_url_key; Type: CONSTRAINT; Schema: public; Owner: user_1
--

ALTER TABLE ONLY public.shops
    ADD CONSTRAINT shops_photo_url_key UNIQUE (photo_url);


--
-- Name: shops shops_pkey; Type: CONSTRAINT; Schema: public; Owner: user_1
--

ALTER TABLE ONLY public.shops
    ADD CONSTRAINT shops_pkey PRIMARY KEY (id);


--
-- Name: subscriptions subscriptions_pkey; Type: CONSTRAINT; Schema: public; Owner: user_1
--

ALTER TABLE ONLY public.subscriptions
    ADD CONSTRAINT subscriptions_pkey PRIMARY KEY (shop_id, user_id);


--
-- Name: users users_email_key; Type: CONSTRAINT; Schema: public; Owner: user_1
--

ALTER TABLE ONLY public.users
    ADD CONSTRAINT users_email_key UNIQUE (email);


--
-- Name: users users_phone_key; Type: CONSTRAINT; Schema: public; Owner: user_1
--

ALTER TABLE ONLY public.users
    ADD CONSTRAINT users_phone_key UNIQUE (phone);


--
-- Name: users users_photo_url_key; Type: CONSTRAINT; Schema: public; Owner: user_1
--

ALTER TABLE ONLY public.users
    ADD CONSTRAINT users_photo_url_key UNIQUE (photo_url);


--
-- Name: users users_pkey; Type: CONSTRAINT; Schema: public; Owner: user_1
--

ALTER TABLE ONLY public.users
    ADD CONSTRAINT users_pkey PRIMARY KEY (id);


--
-- PostgreSQL database dump complete
--

